 ,Часы звонков,1 курс,,,,1 курс,,,,1 курс,,,,1 курс,,,,,,1 курс,,,,1 курс,,,1 курс,,,,2 курс,,,,2 курс,,,,2 курс,,,,,,2 курс,,,,2 курс,,2 курс,,,2 курс,,,,3 курс,,,,,,,,3 курс,,,,,,3 курс,,,,,,3 курс,,,,,,3 курс,,3 курс,,,,4 курс,,,,,,,,4 курс,,,,,,4 курс,,,,,,4 курс,,,,,,,4 курс,,,4 курс,,,,5 курс
,,1 группа,,2 группа,,3 группа,,4 группа,,5 группа,,6 группа,,7 группа,,8 группа,,9 группа,,10 группа,,11 группа,12 группа,13 группа ,,14 группа,15 группа ,,16 группа,,1 группа,,2 группа,,3 группа,,4 группа,,5 группа,,6 группа,,7 группа,,8 группа,,9 группа,,10 группа,,11 группа,,12 группа,13 группа,,14 группа,,1 группа ,,2 группа ,,3 группа,,4 группа,,5 группа,,6 группа,,7 группа,,8 группа,,9 группа,,10 группа,,11 группа,,12 группа,13 группа,ПММ,,14 группа,,15 группа ,,16 группа ,,1 группа,,2 группа,,3 группа,,4 группа,,5 группа,,6 группа,,7 группа,,8 группа,,9 группа,,10 группа,,11 группа ,,12 группа,,13 группа,ПММ,,14 группа,,15 группа,16 группа ,,17 группа ,,1 группа
,,"Направление ""Информационные системы и технологии""",,,,,,,,"Направление ""Программная инженерия""",,,,,,,,"Направление ""Информационная безопасность""",,,,"Специальность ""Компьютерная безопасность""",,"Направление ""Прикладная информатика""",,,"Направление ""Математика и компьютерные науки""",,,,"Направление ""Информационные системы и технологии"" ",,,,,,,,"Направление ""Программная инженерия""",,,,,,"Направление ""Информационная безопасность""",,,,"Специальность ""Компьютерная безопасность""",,"Направление ""Прикладная информатика""",,,"Направление ""Математика и компьютерные науки""",,,,"Направление ""Информационные системы и технологии"" ",,,,,,,,,,,,,,"Направление ""Программная инженерия""",,,,,,"Направление ""ИБ""",,,"Специальность ""Компьютерная безопасность""",,,"Направление ""Прикладная информатика в экономике""",,"Направление ""Математика и компьютерные науки""",,,,"Направление ""Информационные системы и технологии"" ",,,,,,,,,,,,,,"Направление ""Программная инженерия""",,,,,,"Направление ""ИБ""",,,,"Специальность ""Компьютерная безопасность""",,,"Направление ""Прикладная информатика"" ",,,"Направление ""Математика и компьютерные науки""",,,,"Специальность ""Компьютерная безопасность"""
,,,,,,,,,,"профиль ""Информационные системы и сетевые технологии"" ",,,,,,,," профиль ""Безопасность компьютерных систем"" ",,,,"специализация ""РЗПО""","специализация ""АБКС"" (военные)","профиль ""Прикладная информатика в экономике""",,,,,,,,,,,,,,,"профиль ""Информационные системы и сетевые технологии"" ",,,,,," профиль ""Безопасность компьютерных систем"" ",,,,"специализация ""РЗПО""",,"профиль ""Прикладная информатика в экономике""",,,"профиль ""Распределенные системы и искусственный интеллект""",,"профиль ""Квантовая теория информации""",,ИСиСТ,,ИСвТК,,ВВМиИВ,,ОИМО,,ИСиТУП,,ПИвИС ,,ИТвЦД (19),,"профиль ""Информационные системы и сетевые технологии"" ",,,,,," профиль ""Безопасность компьютерных систем"" ",,,"специализация ""АБКС""","специализация ""БКСиС"" (гражданские) (29)",,"профиль ""Прикладная информатика в экономике"" ",,"профиль ""Распределенные системы и искусственный интеллект""",,"профиль ""Квантовая теория информации""",,ИСиСТ (19),,ИСТК (18),,ВВМиИВ (19),,ОИМО (19),,ИСиТУП (23),,ПИвИС (24),,ИТвЦД (19),,"профиль ""Информационные системы и сетевые технологии""",,,,,," профиль ""Безопасность компьютерных систем""",,,,"специализация ""АБКС""","специализация ""ММЗИ""","специализация ""БКСиС"" (гражданские)","профиль ""Прикладная информатика в экономике""",,,"профиль ""Распределенные системы и искусственный интеллект""",,"профиль ""Квантовая теория информации""",,"специализация ""АБКС"""
Понедельник,8:00 - 9:35,,,История России доц. Лавлинский С.А. 305П,,Дискретная математика доц. Попов М.И. 505П,,Ин.яз. преп. Землянухина В.А.  309П,,Математический анализ доц. Сирота Е.А. 477,,,,,,,,,,Экономика и финансовая грамотность доц. Павлова Е.А. 292,,Линейная алгебра доц. Атанов А.В. 380,,,,,,,,,,,,,,,,,"Русский язык для иностранцев,главный корпус ИМО, ауд. 314",,,,"Русский язык для иностранцев, главный корпус ИМО, ауд. 314",,"Русский язык для иностранцев, главный корпус ИМО, ауд. 314",,,,,,,,,"Русский язык для иностранцев,главный корпус ИМО, ауд. 314",,"Русский язык для иностранцев,главный корпус ИМО, ауд. 314",,Военная подготовка,,,,,,,,,,,,,,,,,,,,Военная подготовка,,,,,,,,,,,,,,Архитектура ИС (id=4607) ст.преп. Попова Е.В. 385,Архитектура ИС (id=4607) ст.преп. Попова Е.В. 385,,,,,,,,,,,НИР,НИР,,,,,КОЗИОИ доц. Мальцев А.С. 383,КОЗИОИ доц. Мальцев А.С. 383,,,,,,,,,ИБ (id=29486) асс. Бережнов Н.И. 290,ИБ (id=29486) асс. Бережнов Н.И. 290,СиСТК (id=2215) асс. Петров Ю.В. 295,СиСТК (id=2215) асс. Петров Ю.В. 295,ВУЦ
,,,,,,,,,,,,,,,,,,,,,,,,,,,,,,,,,,,,,,,,,,,,,,,,,,,,,,,,,,,,,,,,,,,,,,,,,,,,,,,,,,,,,,,,,,,,,,,,,,,,,,,,,,,,,Архитектура ИС (id=4607) асс. Семечев Д.А. 314П,,,,,,,,,,,СиСТК (id=2215) асс. Петров Ю.В. 295,СиСТК (id=2215) асс. Петров Ю.В. 295,,,
,9:45 - 11:20,История России доц. Лавлинский С.А. 292,,Архитектура ЭВМ (id=3)  доц. Ветохин В.В. 295,,Алгебра и геометрия доц. Чуракова Т.А. 477,,,,МЛ и ТА ст.преп. Пашкевич А.А. 297,Ин.яз. доц. Стрельникова М.А. 309П,Язык Си  (id=4746) асс. Фролова В.В. 387,Основы работы в ОС Linux  (id=31485) ст.преп. Нужных А.В. 384,Алгебра и геометрия (id=4525) доц. Атанов А.В. 380,,Дискретная математика (id=20352) доц. Каверина В.К. 305П,,ТФКП доц. Сирота Е.А. 505П,,,,Дискретная математика (id= 20352) доц. Попов М.И. 307П,,,,,,,Математический анализ ст.преп. Толкачев А.В.  479,,,,,,,,,,,,,,,,,,,,,,,,,,,,,,,,,,,,,,,,,,,,,,,"Русский язык для иностранцев,главный корпус ИМО, ауд. 314",,,,,,,,,,,,,,,,Автоматизированное управление технологическими процессами изготовления полупроводниковой электроники  (id=31587)  доц. Барков К.А. 382,,,,,,,,,,,,НИР,НИР,,,Разработка и АТ доц. Вахтин А.А. 291,"Алгоритмы на строках (id=6425)
проф. Махортов С.Д. 381",КОЗИОИ доц. Мальцев А.С. 383,КОЗИОИ доц. Мальцев А.С. 383,Безопасность компьютерных сетей ст.преп. Коваль А.С. 301П,,,,,,,,Управление проектами (id=24215) ст.преп. Коротков В.В. 385,,ИБ (id=29486) асс. Бережнов Н.И. 316П,ИБ (id=29486) асс. Бережнов Н.И. 316П,
,,,,,,,,Язык Си (id=4746) асс. Фролова В.В. 387,,Ин.яз. доц. Стрельникова М.А. 309П,МЛ и ТА ст.преп. Пашкевич А.А. 314П,АиСД    асс. Миронова А.С. 301П,,,,,,Экономика и финансовая грамотность (id=17661) доц. Павлова Е.А. 505П,,,,,,,,,,,,,,,,,,,,,,,,,,,,,,,,,,,,,,,,,,,,,,,,,,,,,,,,,,,,,,,Квантовая теория (id=31569) доц. Дробышев А.А. 316П,Квантовая теория (id=31569) доц. Дробышев А.А. 316П,,,,,,,,,,,,Разработка встраиваемых систем (id=4609)  асс. Семечев Д.А. 290,Разработка встраиваемых систем (id=4609)  асс. Семечев Д.А. 290,Распределенные системы вычислений (id=32377) проф. Абрамов Г.В. 385,,,,,,,,,,,,Архитектура ИС (id=4607) ст.преп. Попова Е.В. 303П,,Безопасность компьютерных сетей (id=2995) ст.преп. Коваль А.С. 383,Безопасность компьютерных сетей (id=2995) ст.преп. Коваль А.С. 383,КОЗИОИ доц. Мальцев А.С. 293,,,,,,,,Нейронные сети и генетические алгоритмы доц. Сирота Е.А. 479,,,,
,11:30-13:05,Дискретная математика доц. Попов М.И. 477,,,Ин.яз. ст.преп. Барсукова Н.В. 308П,Язык Си (id=4746) асс. Фролова В.В.  387,,Архитектура ЭВМ (id=3) доц. Ветохин В.В. 295,,Дискретная математика (id=20352) доц. Каверина В.К. 305П,,,МЛ и ТА ст.преп. Пашкевич А.А. 291,АиСД (id=5509) асс. Миронова А.С. 385,,,Ин.яз. преп. Гавриш О.А. 309П,Экономика и финансовая грамотность доц. Павлова Е.А. 307П,,,,Линейная алгебра доц. Атанов А.В. 380,,,,Ин.яз. доц. Стрельникова М.А. 311,Аналитическая геометрия проф. Вахитова Е.В. 479,,Математический анализ ст.преп. Толкачев А.В.  292,,Военная подготовка,,,,,,,,Военная подготовка,,,,,,Военная подготовка,,,,Военная подготовка,,Военная подготовка,,,Военная подготовка,,,,,,,,,,,,,,,,,,Военная подготовка,,,,,,,,,Квантовая теория (id=31569) доц. Дробышев А.А. 505П,,,Военная подготовка,,,,,,,,Автоматизированное управление технологическими процессами изготовления полупроводниковой электроники  (id=31587)  доц. Барков К.А. 382,Автоматизированное управление технологическими процессами изготовления полупроводниковой электроники  (id=31587)  доц. Барков К.А. 382,Архитектура ИС (id=4607)  асс. Семечев Д.А. 301П,,Разработка приложений для систем машинного обучения (id=28782) асс. Отырба Р.Р. 290,Разработка приложений для систем машинного обучения (id=28782) асс. Отырба Р.Р. 290,НИР,НИР,,,,,НИР,НИР,,Архитектура ИС (id=4607) ст.преп. Попова Е.В.  297,"Алгоритмы на строках (id=6425)
проф. Махортов С.Д. 381",Разработка и АТ доц. Вахтин А.А. 314П,Безопасность компьютерных сетей (id=2995) ст.преп. Коваль А.С. 383,Безопасность компьютерных сетей (id=2995) ст.преп. Коваль А.С. 383,КОЗИОИ доц. Мальцев А.С. 293,,,,,ОТУ (id=16078) доц. Алейникова Н.А. 303П,,,,НСиГА ст.преп. Максимов А.В. 384,Управление проектами (id=24215) ст.преп. Коротков В.В. 316П,,
,,Алгебра и геометрия доц. Чуракова Т.А. 477,,,,,,,,,,МЛ и ТА ст.преп. Пашкевич А.А. 385,Язык Си  (id=4746) асс. Фролова В.В. 387,,Ин.яз. ст.преп. Барсукова Н.В.  308П,Ин.яз. преп. Гавриш О.А. 309П,,,,АиСД (id=5509) асс. Миронова А.С. 316П,,,,,,,Алгебра проф. Вахитова Е.В. 479,,,,,,,,,,,,,,,,,,,,,,,,,,,,,,,,,,,,,,,,,,,,,,,,,,,,,,,,,,,,,,,,,,,Разработка встраиваемых систем (id=4609)  асс. Семечев Д.А. 290,Разработка встраиваемых систем (id=4609)  асс. Семечев Д.А. 290,Архитектура ИС (id=4607) ст.преп. Попова Е.В. 297,Архитектура ИС (id=4607) ст.преп. Попова Е.В. 297,,,,,,,,,,Разработка и АТ доц. Вахтин А.А. 314П,,,,,,,,,,,,,НСиГА ст.преп. Максимов А.В. 384,,Квантовая теория информации (id=25774) доц. Борзунов С.В. 295,,
,13:25-15:00,Алгебра и геометрия доц. Чуракова Т.А. 477,,,,,,,,Алгебра и геометрия (id=4525) доц. Атанов А.В. 380,,История России доц. Лавлинский С.А. 307П,,,,МЛ и ТА ст.преп. Пашкевич А.А. 316П,Ин.яз. преп. Гавриш О.А. 309П,Дискретная математика (id=15504) проф. Кургалин С.Д. 479,,,,Аппаратные средства вычислительной техники (id=32392) доц. Ветохин В.В. 505П,,Математический анализ ст.преп. Толкачев А.В.  305П,,История России преп. Киселёва М.В.  303П,Теоретическая механика доц. Михин Е.А. 295,,Аналитическая геометрия проф. Вахитова Е.В. 292,,,,,,,,,,,,,,,,,,,,,,,,,,,,,,,,,,,,,,,,,,,,,,,,,,,,Методы вычислений (id=31538) доц. Фролова О.А. 480,,,,,,,,,Проектирование ЦС (id=2994)  ст.преп. Малыхин А.Ю. 387,Проектирование ЦС (id=2994)  ст.преп. Малыхин А.Ю. 387,,,Архитектура ИС (id=4607)  асс. Семечев Д.А. 382,,Разработка приложений для систем машинного обучения (id=28782) асс. Отырба Р.Р. 290,Разработка приложений для систем машинного обучения (id=28782) асс. Отырба Р.Р. 290,НИР,НИР,НИР,НИР,Интеллектуальный анализ производственных данных (id=32454) ст.преп. Успехов А.А. 383,,,,Архитектура ИС (id=4607) ст.преп. Попова Е.В. 291,"Алгоритмы на строках (id=6425)
проф. Махортов С.Д. 381",,,,,Безопасность компьютерных сетей ст.преп. Коваль А.С. 301П,КОЗИОИ доц. Мальцев А.С. 293,Основы построения защищенных баз данных (id=5450) доц. Ляликова В.Г. (ДО),Основы построения защищенных баз данных (id=5450) доц. Ляликова В.Г. (ДО),Основы построения защищенных баз данных (id=5450) доц. Ляликова В.Г. (ДО),Анализ информации в организационных системах доц. Громковский А.А. 385,ОТУ (id=16078) доц. Алейникова Н.А. 297,Проектно-технологическая практика,,,НСиГА ст.преп. Максимов А.В. 384,Квантовая теория информации (id=25774) доц. Борзунов С.В. 314П,
,,,,,,,,,,,Ин.яз. доц. Стрельникова М.А. 308П,История России доц. Лавлинский С.А. 505П,,Дискретная математика (id=20352) доц. Каверина В.К. 316П,,Ин.яз. преп. Гавриш О.А. 309П,,,,,,Аппаратные средства вычислительной техники (id=32392) доц. Ветохин В.В. 380,,,,История России преп. Киселёва М.В.  307П,,,,,,,,,,,,,,,,,,,,,,,,,,,,,,,,,,,,,,,,,,,,,,,,,,,,,,,,,,,,,,,,Распределенные системы вычислений (id=32377) проф. Абрамов Г.В. 290,,,,,Архитектура ИС (id=4607) асс. Семечев Д.А. 382,Архитектура ИС (id=4607) ст.преп. Попова Е.В. 383,Архитектура ИС (id=4607) ст.преп. Попова Е.В. 383,,,,,,,,,Разработка и АТ доц. Вахтин А.А. 291,,,,,,,,,,,,,,,,Квантовая теория информации (id=25774) доц. Борзунов С.В. 314П,,
,15:10-16:45,,,,Ин.яз. ст.преп. Барсукова Н.В. 308П,,,История России доц. Лавлинский С.А. 505П,,,Ин.яз. доц. Стрельникова М.А. 303П,Основы работы в ОС Linux (id=31485) ст.преп. Нужных А.В. 383,Ин.яз. преп. Семенов В.П. 309П,,,,,,,,,МиО доц. Михин Е.А. 301П,,История России преп. Киселёва М.В.  305П,,Математический анализ  асс. Бережных И.А. 307П,Математический анализ доц. Канищева О.И. 477,,,,,,,,,,,,,,,,,,,,,,,,,,,,,,,,,,,,,,,,,,,,,,,,,,,,,,Методы вычислений (id=31538) доц. Фролова О.А. 480,Методы вычислений (id=31538) доц. Фролова О.А. 480,,,,,,,,Проектирование ЦС (id=2994)  ст.преп. Малыхин А.Ю. 387,Проектирование ЦС (id=2994)  ст.преп. Малыхин А.Ю. 387,,,,,ТЗОиБ (id=7348) доц. Вялых С.А.  316П,ТЗОиБ (id=7348) доц. Вялых С.А.  316П,НИР,НИР,НИР,НИР,Интеллектуальный анализ производственных данных (id=32454) ст.преп. Успехов А.А. 292,,,,"Алгоритмы на строках (id=6425)
проф. Махортов С.Д. 381",,,,,,,КОЗИОИ доц. Мальцев А.С. 293,Основы построения защищенных баз данных (id=5450) доц. Ляликова В.Г. (ДО),,,Проектно-технологическая практика,Анализ информации в организационных системах доц. Громковский А.А. 385,ОТУ (id=16078) доц. Алейникова Н.А. 297,,,,НСиГА ст.преп. Максимов А.В. 384,
,,,,,,,,,,,,,,,Ин.яз. ст.преп. Барсукова Н.В.  308П,,,,,,,,,,,,,,,,,,,,,,,,,,,,,,,,,,,,,,,,,,,,,,,,,,,,,,,,,,,,,,,,,,,,,,,,,,,Распределенные системы вычислений (id=32377) проф. Абрамов Г.В. 292,,,,,Архитектура ИС (id=4607) асс. Семечев Д.А. 382,Распределенные системы вычислений (id=32377) проф. Абрамов Г.В. 292,,,,,,Распределенные системы вычислений (id=32377) проф. Абрамов Г.В. 292,,,,,,,,,,,Безопасность компьютерных сетей ст.преп. Коваль А.С. 301П,,,,,,,,,,,
,16:55-18:30,Ин.яз. преп. Семенов В.П. 309П,,,,,,,,,,,,,,,,,,,,,,Математический анализ доц. Канищева О.И. 477,,,Математический анализ асс. Бережных И.А. 292,,,,,,,,,,,,,,,,,,,,,,,,,,,,,,,,,,,,,,,,,,,,,,,,,,,,,,,,,,,,,,,Проектирование ЦС (id=2994) ст.преп. Малыхин А.Ю. 387,Проектирование ЦС (id=2994) ст.преп. Малыхин А.Ю. 387,,,,,ТЗОиБ (id=7348) доц. Вялых С.А.  316П,ТЗОиБ (id=7348) доц. Вялых С.А.  316П,,,,,Интеллектуальный анализ производственных данных (id=32454) ст.преп. Успехов А.А. 383,Интеллектуальный анализ производственных данных (id=32454) ст.преп. Успехов А.А. 383,,,,,,,,,,Безопасность компьютерных сетей ст.преп. Коваль А.С. 301П,Защита программ и данных (id=18455)  доц. Сафронов В.В. (ДО),,,Проектно-технологическая практика,Проектно-технологическая практика,Анализ информации в организационных системах доц. Громковский А.А. 381,,,,,
,,,,,,,,,,,,,,,,,,,,,,,,,,,,,Ин.яз. преп. Семенов В.П. 309П,,,,,,,,,,,,,,,,,,,,,,,,,,,,,,,,,,,,,,,,,,,,,,,,,,,,,,,,,,,,,,,,,,,,,,,Алгоритмы на строках (id=6425) проф. Махортов С.Д. 316П,Алгоритмы на строках (id=6425) проф. Махортов С.Д. 316П,Распределенные системы вычислений (id=32377) проф. Абрамов Г.В. 290,,,,,,,,,,,,,,,,,,,,,,
,18:40-20:00,,,,,,,,,,,,,,,,,,,,,,,,,,Математический анализ асс. Бережных И.А. 292,,,,,,,,,,,,,,,,,,,,,,,,,,,,,,,,,,,,,,,,,,,,,,,,,,,,,,,,,,,,,,,Проектирование ЦС (id=2994) ст.преп. Малыхин А.Ю. 387,Проектирование ЦС (id=2994) ст.преп. Малыхин А.Ю. 387,,,,,,,,,,,Интеллектуальный анализ производственных данных (id=32454) ст.преп. Успехов А.А. 383,Интеллектуальный анализ производственных данных (id=32454) ст.преп. Успехов А.А. 383,,,,,,,,,,,Криптографические протоколы (id=11108) доц. Степанец Ю.А. (ДО),Криптографические протоколы (id=11108) доц. Степанец Ю.А. (ДО),Криптографические протоколы (id=11108) доц. Степанец Ю.А. (ДО),,Проектно-технологическая практика,Проектно-технологическая практика,,,,,
,,,,,,,,,,,,,,,,,,,,,,,,,,,,,,,,,,,,,,,,,,,,,,,,,,,,,,,,,,,,,,,,,,,,,,,,,,,,,,,,,,,,,,,,,,,,,,,,,,,,Алгоритмы на строках (id=6425) проф. Махортов С.Д. 316П,Алгоритмы на строках (id=6425) проф. Махортов С.Д. 316П,,,,,,,,,,,,,,,,,,,,,,,
,20:10-21:30,,,,,,,,,,,,,,,,,,,,,,,,,,,,,,,,,,,,,,,,,,,,,,,,,,,,,,,,,,,,,,,,,,,,,,,,,,,,,,,,,,,,,,,,,,,,,,,,,,,,,,,,,,,,,,,,,Защита программ и данных (id=18455)  доц. Сафронов В.В. (ДО),,,,,,,,,,
,,,,,,,,,,,,,,,,,,,,,,,,,,,,,,,,,,,,,,,,,,,,,,,,,,,,,,,,,,,,,,,,,,,,,,,,,,,,,,,,,,,,,,,,,,,,,,,,,,,,,,,,,,,,,,,,,,,,,,,,,,,,
,,,,,,,,,,,,,,,,,,,,,,,,,,,,,,,,,,,,,,,,,,,,,,,,,,,,,,,,,,,,,,,,,,,,,,,,,,,,,,,,,,,,,,,,,,,,,,,,,,,,,,,,,,,,,,,,,,,,,,,,,,,,
Вторник,8:00 - 9:35,,Язык Си (id=4746) доц. Чернышов М.К. 382,Ин.яз. преп. Гавриш О.А. 301П,,,,,,,,Алгебра и геометрия (id=4525) доц. Атанов А.В. 479,,,,,,,,Ин.яз. доц. Барабушка И.А. 309П,,,,,,,,Ин.яз. преп. Гафарова М.Х.   303П,Алгебра проф. Вахитова Е.В. 305П,,,,,,,,,,,,,,,,,,,,,,,,,,,,,,,,,,,,,Интеграция бизнес-процессов в ERP системах (id=3107) асс. Крутаков Р.С. 316П,Интеграция бизнес-процессов в ERP системах (id=3107) асс. Крутаков Р.С. 316П,,,,,Язык программирования C++ асс. Борисов А.Д. 385,,,Информационные сети (id=2215) асс. Соколов В.А. 295,НИР,НИР,,,,Экспериментально-исследовательская практика,Военная кафедра,,НИР,НИР,,НИР,,,,,,,НИР,НИР,НИР,НИР,,"Архитектура ИС (id=4607)
ст.преп. Попова Е.В. 384",,,,,,,,,,,,,,,ВУЦ,ВУЦ,,Управление проектами (id=24215) ст.преп. Тарасов В.С. 383,,Теория систем и системный анализ (id=13938)  проф. Матвеев М.Г. 297,,,,,
,,,АиСД (id=5509) ст.преп. Нужных А.В. 385,,Web-техн. (id=31548) ст.преп. Ермаков М.В. 387,,,,,,,,,,,,,Ин.яз. доц. Вострикова И.Ю.  309П,МиО доц. Михин Е.А. 301П,,Ин.яз. доц. Барабушка И.А. 308П,,,,,Ин.яз. доц. Стрельникова М.А. 303П,Аналитическая геометрия проф. Вахитова Е.В. 305П,,,,,,,,,,,,,,,,,,,,,,,,,,,,,,,,,,,,,,,Интеграция бизнес-процессов в ERP системах (id=3107) асс. Крутаков Р.С. 316П,,,,,,ИТ доц. Вахтин А.А. 297,Язык программирования C++ асс. Борисов А.Д.  293,Информационные сети (id=2215) асс. Соколов В.А. 295,,,,,,,,,,,,Ин.яз. преп. Гафарова М.Х. 307П,,,,,,,,,,,,"Архитектура ИС (id=4607)
ст.преп. Попова Е.В. 384",,,,,,,,,,,,,,,,,,,Управление проектами (id=24215) ст.преп. Тарасов В.С. 383,,,,,,,
,9:45 - 11:20,АиСД (id=5509) ст.преп. Нужных А.В. 385,,Язык Си (id=4746) доц. Чернышов М.К.  381,,Ин.яз. преп. Землянухина В.А. 308П,,,,АиСД ст.преп. Соломатин Д.И. 295,,Математический анализ ст.преп. Пашкевич А.А. 505П,,,,Ин.яз. преп. Гавриш О.А. 307П,,Алгебра и геометрия доц. Чуракова Т.А. 292,,,,,Ин.яз. преп. Гафарова М.Х. 301П,Алгебра и геометрия (id=4524) доц. Атанов А.В. 479,,,Аналитическая геометрия проф. Вахитова Е.В. 477,,,,Интеллектуальные права в цифровых технологиях (id=28388) доц. Борисова А.А. (ДО),,,,,,,,Интеллектуальные права в цифровых технологиях (id=28388)  доц. Борисова А.А. (ДО),,,,,,,,,,,,Корпоративные сети и сервисы (id=29433) доц. Лебедев А.В. (ДО),,,Дифференциальные уравнения (id=10349) доц. Каверина В.К. (ДО),,,,,,,,,,НСТОИ  (id=2546) асс. Отырба Р.Р. 290,НСТОИ  (id=2546) асс. Отырба Р.Р. 290,Интеграция бизнес-процессов в ERP (id=3107) системах асс. Крутаков Р.С.  291,Интеграция бизнес-процессов в ERP (id=3107) системах асс. Крутаков Р.С.  291,,,,,Язык программирования C++ асс. Борисов А.Д. 316П,,Информационные сети (id=2215) асс. Соколов В.А. 293,,НИР,НИР,КТ доц. Стадная Н.П. 383,,Ин.яз. доц. Барабушка И.А. 309П,Экспериментально-исследовательская практика,,,НИР,НИР,НИР,РО (id=4103) ст.преп. Акимов А.В. 297,,,НИР,НИР,,,НИР,НИР,НИР,НИР,,"Архитектура ИС (id=4607)
ст.преп. Попова Е.В. 387",,,,,,,,,,,,,,,,,,Теория систем и системный анализ (id=13938)  проф. Матвеев М.Г. 314П,,Управление проектами (id=24215)  ст.преп. Тарасов В.С. 303П,,,,,Теория радиотехнических систем преп. Логунов А.А. 214
,,,Web-техн. (id=31548) ст.преп. Ермаков М.В. 387,АиСД (id=5509) ст.преп. Нужных А.В. 385,,,Ин.яз. преп. Землянухина В.А. 381,,,Алгебра и геометрия (id=4525) доц. Атанов А.В. 380,,,,Ин.яз. ст.преп. Барсукова Н.В.  307П,,,Ин.яз. преп. Гавриш О.А. 479,,,,,Ин.яз. преп. Гафарова М.Х. 305П,МиО доц. Михин Е.А. 301П,Ин.яз. доц. Барабушка И.А. 309П,"Пр. на ЭВМ по дисц. ""Программирование"" доц. Авсеева О.В. 291","Пр. на ЭВМ по дисц. ""Программирование"" ст.преп. Соломатин Д.И.  384",,,,,,,,,,,,,,,,,,,Культурология доц. Якушкина Е.И. (ДО),,,,,,Культурология доц. Якушкина Е.И. (ДО),,,,,,,,,,,,,НСТОИ (id=2546) асс. Отырба Р.Р.  316П,НСТОИ (id=2546) асс. Отырба Р.Р.  316П,Решение бизнес-задач (id=4044) проф. Матвеев М.Г. 295,Решение бизнес-задач (id=4044) проф. Матвеев М.Г. 295,,,,,Информационные сети (id=2215) асс. Соколов В.А. 293,ИТ доц. Вахтин А.А. 297,Язык программирования C++ асс. Борисов А.Д. 383,,,,Ин.яз. доц. Вострикова И.Ю. 308П,,ЗИ от утечки по ТК (id=29482)  асс. Канюс А.С. 303П,,,,,,,,,,,,,,,,,,"Архитектура ИС (id=4607)
ст.преп. Попова Е.В. 382",,,,,,,,,,,,,,,,,,,,,Управление проектами (id=24215)  ст.преп. Тарасов В.С. 290,,,,,
,11:30-13:05,Архитектура ЭВМ (id=3) доц. Ветохин В.В.  295,,Алгебра и геометрия доц. Чуракова Т.А. 307П,,Ин.яз. преп. Землянухина В.А. 308П,,,,Язык Си (id=4746) доц. Чернышов М.К. 387,Основы работы в ОС Linux ст.преп. Соломатин Д.И. 384,,,,Основы работы в ОС Linux (id=31485) ст.преп. Нужных А.В.  382,Алгебра и геометрия (id=4525) доц. Атанов А.В. 380,,ДМ ст.преп. Толкачев А.В.  292,,ТФКП доц. Некрасова Н.Н. 305П,,Математический анализ ст.преп. Пашкевич А.А. 505П,,"Пр. на ЭВМ по дисц. ""Программирование"" доц. Авсеева О.В. 291",Ин.яз. доц. Барабушка И.А. 309П,Программирование ст.преп. Соломатин Д.И. 293,Алгебра проф. Вахитова Е.В. 477,,,,Теория информационных процессов и систем (id=25794) проф. Десятирикова Е.Н. (ДО),,,,,,,,Теория информационных процессов и систем (id=25794) проф. Десятирикова Е.Н. (ДО),,,,,,Теория информационных процессов и систем (id=25794) проф. Десятирикова Е.Н. (ДО),,,,,,Организация бизнес-процессов (id=30575) доц. Громковский А.А. (ДО),,,Математическая статистика (id=7209) проф. Клинских А.Ф. (ДО),,,,,,,,,,Обработка изображений (id=3808) асс. Отырба Р.Р. 290,Обработка изображений (id=3808) асс. Отырба Р.Р. 290,Решение бизнес-задач  (id=4044) проф. Матвеев М.Г. 479,,,,,,Информационные сети (id=2215) асс. Соколов В.А. 316П,,Основы DevOps (id=31486) асс. Хакимов Л.Н. 385,,НИР,НИР,ЗИ от утечки по ТК (id=29482) асс. Канюс А.С. 303П,Безопасность операционных систем (id=4418) доц. Самодуров А.С. 301П,КТ доц. Стадная Н.П. 297,,,,,,,Теория информации  (id=3432) доц. Борзунов С.В. 381,НИР,,НИР,НИР,,,НИР,НИР,НИР,НИР,,,НИР,НИР,,,,,,,,,,,,,,,,Теория систем и системный анализ (id=13938) проф. Матвеев М.Г. 314П,,Управление проектами (id=24215) ст.преп. Тарасов В.С. 383,,,,,Теория радиотехнических систем преп. Логунов А.А. 214
,,,,,,,Ин.яз. преп. Землянухина В.А.  381,,,Ин.яз. доц. Стрельникова М.А. 314П,,,,Ин.яз. ст.преп. Барсукова Н.В.  231,,,,,,,,,,Программирование доц. Авсеева О.В. 385,,,,,,,,,,,,,,,,,,,,,,,,,,,,,,,,,,,,Квантовая теория доц. Сынкова А.Е.  316П,,,,,,,,,,,,,Информационные сети (id=2215) асс. Соколов В.А. 297,,Язык программирования C++ асс. Борисов А.Д. 293,,,,Безопасность операционных систем (id=4418) доц. Самодуров А.С. 387,Ин.яз. доц. Барабушка И.А. 309П,,,,ИНСиГА (id=2546) асс. Отырба Р.Р. 290,ИНСиГА (id=2546) асс. Отырба Р.Р. 290,РО (id=4103) ст.преп. Акимов А.В. 382,,,Ин.яз. преп. Гафарова М.Х. 308П,,,,,,,,,,,,,,,,,,,,,,,,,,,,Управление проектами (id=24215) ст.преп. Тарасов В.С. 383,,ОТУ (id=16078) доц. Алейникова Н.А. 291,,,,,
,13:25-15:00,Математический анализ доц. Некрасова Н.Н. 307П,,Ин.яз. преп. Гавриш О.А. 308П,АиСД (id=5509) ст.преп. Нужных А.В. 297,,Ин.яз. преп. Землянухина В.А.  309П,Физическая культура и спорт,,Математический анализ ст.преп. Пашкевич А.А. 479,,Физическая культура и спорт,,Язык Си  (id=4746) асс. Фролова В.В. 295,Язык Си  (id=4746) асс. Фролова В.В. 295,,Web-техн. (id=31548) асс. Соколов В.А. 387,Физическая культура и спорт,,ДМ ст.преп. Толкачев А.В.  305П,,Web-техн. асс. Тырнов Ю.О. 293,Алгоритмы и структуры данных ст.преп. Соломатин Д.И.  384,Физическая культура и спорт,,Физическая культура и спорт,Физическая культура и спорт,,,,Уравнения математической физики и специальные функции (id=4014) доц. Крыловецкий А.А. (ДО),,,,,,,,Уравнения математической физики и специальные функции (id=4014) доц. Крыловецкий А.А. (ДО),,,,,,Электротехника (id=3505) ст.преп. Попова Е.В. (ДО),,,,Уравнения математической физики (id=4014) доц. Крыловецкий А.А. (ДО),,Культурология доц. Якушкина Е.И. (ДО),,,Уравнения математической физики (id=4014) доц. Крыловецкий А.А. (ДО),,,,,,,,,,,,,,,,Техн. интернет вещей  ст.преп. Максимов А.В.  291,Техн. интернет вещей ст.преп. Максимов А.В. 291,Основы DevOps (id=31486) асс. Хакимов Л.Н. 385,,ТП ст.преп. Шилов С.Н. 316П,ТП ст.преп. Шилов С.Н. 316П,,,Безопасность операционных систем (id=4418) доц. Самодуров А.С. 381,ЗИ от утечки по ТК (id=29482)  асс. Канюс А.С. 303П,СЦВЗ (id=3420) доц. Митрофанова Е.Ю. 290,Физическая культура и спорт,,,,,,,РО  (id=4103) ст.преп. Акимов А.В. 383,Теория информации (id=3432)  доц. Борзунов С.В. 301П,ССД (id=4151) доц. Сычев А.В. 505П,,НИР,НИР,Разработка встраиваемых систем (id=4609)  доц. Борисов Д.Н. 380,,,,,,Функциональное программирование доц. Авсеева О.В. 382,,,,,,,,,,,,,,,,,,,Теория систем и системный анализ (id=13938)  проф. Матвеев М.Г. 314П,Дифференциальная геометрия и топология доц. Сынкова А.Е. 477,,,,Теория радиотехнических систем ст.преп. Голованов Д.Ю. 227
,,,,Ин.яз. преп. Гавриш О.А. 309П,Язык Си (id=4746) доц. Чернышов М.К. 314П,Архитектура ЭВМ (id=3) доц. Ветохин В.В.  295,,,,,,,,Основы работы в ОС Linux (id=31485) ст.преп. Нужных А.В. 293,Ин.яз. ст.преп. Барсукова Н.В.  308П,Web-техн. (id=31548) асс. Соколов В.А. 387,,,,,,Алгоритмы и структуры данных ст.преп. Соломатин Д.И.  384,,,,,,,,,,,,,,,,,,,,,,,Прикладные задачи в информационной безопасности  (id= 31947) асс. Хакимов Л.Н. (ДО),,,,,,,,Культурология доц. Якушкина Е.И. (ДО),,,,,ИСиС (id=2215) асс. Петров Ю.В.  383,,,,,,ИСиС (id=2215) доц. Маковий К.А.  316П,ИСиС (id=2215) доц. Маковий К.А.  316П,,,,,,,,,Язык программирования C++ асс. Борисов А.Д. 297,,,,,,,,,,ИНСиГА (id=2546) асс. Отырба Р.Р. 291,ИНСиГА (id=2546) асс. Отырба Р.Р. 291,"Теория информации  (id=3432)
доц. Борзунов С.В. 301П",,РО  (id=4103) ст.преп. Акимов А.В. 385,,,,,,,,,,,,,,,,,,,,,,,,,,,,,Основы теории управления (id=15658) проф. Матвеев М.Г. 292,,,,,,,
,15:10-16:45,Физическая культура и спорт,,,,Математический анализ доц. Некрасова Н.Н. 305П,,Архитектура ЭВМ (id=3) доц. Ветохин В.В. 383,,Основы работы в ОС Linux ст.преп. Соломатин Д.И. 384,,,,Основы работы в ОС Linux (id=31485)  ст.преп. Нужных А.В. 293,,,Язык Си  (id=4746) асс. Фролова В.В. 387,,,Физическая культура и спорт,,Физическая культура и спорт,,,,,,,,,Языки и системы программирования (id=32014) ст.преп. Чекмарев А.И. (ДO),,,,,,,,Языки и системы программирования (id=32014) ст.преп. Чекмарев А.И. (ДO),,,,,,Языки и системы программирования (id=32014) ст.преп. Чекмарев А.И. (ДO),,,,Языки и системы программирования (id=32014) ст.преп. Чекмарев А.И. (ДO),,Языки и системы программирования (id=32014) ст.преп. Чекмарев А.И. (ДO),,,Языки и системы программирования (id=32014) ст.преп. Чекмарев А.И. (ДO),,,,DevOps (id=32312) асс. Тырнов Ю.О. 505П,,,,,,,,,,,,ПАОД   ст.преп. Черницын Д.В. 316П,ПАОД   ст.преп. Черницын Д.В. 316П,ТП ст.преп. Шилов С.Н. 314П,,НИР,НИР,Основы DevOps (id=31486) асс. Хакимов Л.Н. 295,,СЦВЗ (id=3420) доц. Митрофанова Е.Ю. 290,,ЗИ от утечки по ТК (id=29482)  асс. Канюс А.С. 303П,СЦВЗ (id=3420) доц. Митрофанова Е.Ю. 290,,,Основы эконометрического моделирования (id=13846) доц. Алейникова Н.А. 292,,,,Модели и методы нелинейной динамики проф. Семенов М.Е. 477,,ССД (id=4151) доц. Сычев А.В. 382,ССД (id=4151) доц. Сычев А.В. 382,,,Разработка встраиваемых систем (id=4609) доц. Борисов Д.Н. 380,,,,Программирование в ERP  (id=2755) асс. Крутаков Р.С. 301П,,Функциональное программирование доц. Авсеева О.В. 385,Функциональное программирование доц. Авсеева О.В. 385,,,,,,,,,,,,,,,,НИР,НИР,,Дифференциальная геометрия и топология доц. Сынкова А.Е. 479,,,,Теория радиотехнических систем ст.преп. Голованов Д.Ю.  227
,,,,,,,,АиСД (id=5509) асс. Чиркин А.Ю. 291,Web-техн. (id=31548)  асс. Соколов В.А. 293,,Язык Си (id=4746) доц. Чернышов М.К. 385,,,,Основы работы в ОС Linux (id=31485) ст.преп. Нужных А.В. 382,Язык Си  (id=4746) асс. Фролова В.В. 387,МЛ и ТА ст.преп. Пашкевич А.А. 314П,,,,,,,,,,,,,,Методы вычислений (id=4015) доц. Крыловецкий А.А. (ДО),,,,,,,,Методы вычислений (id=4015) доц. Крыловецкий А.А. (ДО),,,,,,Методы вычислений (id=4015) доц. Крыловецкий А.А. (ДО),,,,Методы вычислений (id=4015) доц. Крыловецкий А.А. (ДО),,,,,Численные методы (id=4015) доц. Крыловецкий А.А. (ДО),,,,Обработка изображений ст.преп. Черницын Д.В. 295,Обработка изображений ст.преп. Черницын Д.В. 295,ИСиС  (id=2215) асс. Петров Ю.В.  383,,ИСвАТ ст.преп. Буйлов Н.С. 21,,ИСиС (id=2215) доц. Маковий К.А.  316П,ИСиС (id=2215) доц. Маковий К.А.  316П,,,,,Автоматизация систем подготовки производства  (id=31409) доц. Ветохин В.В. 380,,,ТП ст.преп. Шилов С.Н. 303П,,,,,,,,,,,Программная инженерия (ПИ) (id=15667) доц. Михайлов Е.М. 292,,,,Теория информации  (id=3432) доц. Борзунов С.В. 301П,РО (id=4103) ст.преп. Акимов А.В. 297,ССД (id=4151) доц. Сычев А.В. 505П,,,,,,,,,Программирование в ERP  (id=2755) асс. Крутаков Р.С.  381,Функциональное программирование доц. Авсеева О.В. 477,,,,,,,,,,,,,,,,,,,,,,,,
,16:55-18:30,,,,,Физическая культура и спорт,,АиСД (id=5509) асс. Чиркин А.Ю. 291,,Физическая культура и спорт,,,,Физическая культура и спорт,,Физическая культура и спорт,,,,,,,,,,,,,,,Философия (id=9853) ст.преп. Вяткина А.Г. (ДО),,,,,,,,Философия (id=9853) ст.преп. Вяткина А.Г. (ДО),,,,,,ОиПОИБ (id=4067) доц. Филиппова Н.В. (ДО),,,,ОиПОИБ (id=4067) доц. Филиппова Н.В. (ДО),,,,,,,,,ИПС (id=4154) доц. Сычев А.В. 292,,,,,,,,,,,,Моделирование цифрового производства  (id=31409) доц. Ветохин В.В. 380,,,,,,Язык программирования C++ (id=15462) асс. Антонов А.А. 383,,,СиСПИ (id=4035) доц. Самодуров А.С. 295,,ЗИ от утечки по ТК (id=29482) проф. Головинский П.А. 303П,,,"Программная инженерия (id=15667)
доц. Михайлов Е.М. 316П","Программная инженерия (id=15667)
доц. Михайлов Е.М. 316П",,,Модели и методы нелинейной динамики проф. Семенов М.Е. 290,Модели и методы нелинейной динамики проф. Семенов М.Е. 290,,,,,,,,,Програм. ERP  (id=2755) асс. Крутаков Р.С. 293,,Функциональное программирование доц. Авсеева О.В. 385,Функциональное программирование доц. Авсеева О.В. 385,,,,,,,,,,,,,,,,НИР,НИР,,Проектирование пользовательских интерфейсов ст.преп. Максимов А.В. 505П,,Дифференциальная геометрия и топология доц. Сынкова А.Е. 305П,,
,,,,,,,,Web-техн. (id=31548)  асс. Соколов В.А. 387,АиСД (id=5509) асс. Чиркин А.Ю. 314П,,,,,,,,,,,,,,,,,,,,,,,,,,,,,,,,,,,,Гуманитарные аспекты информационной безопасности (id=4715) доц. Филиппова Н.В. (ДО),,,,,,,,,,,,,DevOps (id=32312) асс. Тырнов Ю.О. 297,,,,ИСвАТ ст.преп. Буйлов Н.С. 21,,,,,,Физическая культура и спорт,,,,,,,,,,,,,,,,Программная инженерия (id=15667) доц. Михайлов Е.М. 316П,,,,,,ССД (id=4151) доц. Сычев А.В. 290,ССД (id=4151) доц. Сычев А.В. 290,Основы радиосвязи (id=31831) доц. Самодуров А.С. 292,,,,,,,Программирование в ERP  (id=2755) асс. Крутаков Р.С.  381,,,,,,,,,,,,,,,,,,,,,ППИ ст.преп. Максимов А.В. 295,ППИ ст.преп. Максимов А.В. 295,,,
,18:40-20:00,,,,,,,,Ин.яз. преп. Землянухина В.А. 309П,,,,,,,,,,,,,,,,,,,,,,,,,,,,,,,,,,,,,,,,Организационное и правовое обеспечение информационной безопасности  (id=4067) доц. Филиппова Н.В. (ДО),,,,,,,,,ИПС (id=4154) доц. Сычев А.В. 295,ИПС (id=4154) доц. Сычев А.В. 295,,,,,,,,,Квантовая теория доц. Сынкова А.Е.  292,,Автоматизация систем подготовки производства  (id=31409) доц. Ветохин В.В. 380,,,,,,Язык программирования C++ (id=15462) асс. Антонов А.А. 316П,Язык программирования C++ (id=15462) асс. Антонов А.А.  316П,,,,,,,,,,,,,,,ИБ (id=29486) асс. Паринов П.А. 290,ИБ (id=29486) асс. Паринов П.А. 290,,,,,Програм. ERP  (id=2755) асс. Крутаков Р.С. 293,,,,,,,,,,,,,,,,,,занятия ПММ,НИР,НИР,,,,НСиГА ст.преп. Максимов А.В. 291,,
,,,,,,,,,,,,,,,,,,,,,,,,,,,,,,,,,,,,,,,,,,,,,,,,,,,,,,,,,,,DevOps (id=32312) асс. Тырнов Ю.О. 297,,,ИСвАТ ст.преп. Буйлов Н.С. 21,ИСвАТ ст.преп. Буйлов Н.С. 21,,,,,Язык программирования C++  (id=15462) ст.преп. Лысачев П.С. 383,,Квантовая теория доц. Сынкова А.Е.  385,,,,,,,,,,,,,,,,,,,,,,Основы радиосвязи (id=31831) доц. Самодуров А.С. 290,Основы радиосвязи (id=31831) доц. Самодуров А.С. 290,,,,,,Програм. ERP  (id=2755) асс. Крутаков Р.С. 382,,,,,,,,,,,,,,,,,занятия ПММ,,,,НСиГА ст.преп. Максимов А.В. 291,,,,
,20:10-21:30,,,,,,,,,,,,,,,,,,,,,,,,,,,,,,,,,,,,,,,,,,,,,,,,,,,,,,,,,,,,,,,,,,,Язык программирования C++ (id=15462)  ст.преп. Лысачев П.С. 295,Язык программирования C++ (id=15462)  ст.преп. Лысачев П.С. 295,,,,,,,ТП ст.преп. Шилов С.Н. 316П,ТП ст.преп. Шилов С.Н. 316П,,,,,,,,,,,,,,,ИБ (id=29486) асс. Паринов П.А. 290,ИБ (id=29486) асс. Паринов П.А. 290,,,,,,,,,,,,,,,,,,,,,,,,,,,,,,,
,,,,,,,,,,,,,,,,,,,,,,,,,,,,,,,,,,,,,,,,,,,,,,,,,,,,,,,,,,,,,,,,,,,,,,,,,,,,,,,,,,,,,,,,,,,,,,,,,,,,,,,,,,,,,,,,,,,,,,,,,,,,
,,,,,,,,,,,,,,,,,,,,,,,,,,,,,,,,,,,,,,,,,,,,,,,,,,,,,,,,,,,,,,,,,,,,,,,,,,,,,,,,,,,,,,,,,,,,,,,,,,,,,,,,,,,,,,,,,,,,,,,,,,,,
Среда,8:00 - 9:35,,,,,,,,,,,,,,,,,,,,,,ВУЦ,Философия (id=9854) ст.преп. Вяткина А.Г. (ДО),,,Философия (id=9854) ст.преп. Вяткина А.Г. (ДО),,,,,,,,,,,,,,,,,,,Ин.яз. доц. Вострикова И.Ю. 303П,Методы вычислений ст.преп. Бородин А.В. 297,Электротехника (id=3505) асс. Медведев Н.А. 307П,Методы вычислений доц. Дробышев А.А. 295,Методы вычислений доц. Дробышев А.А. 295,,,,,,,Ин.яз. преп. Гавриш О.А. 314П,,,,,,,,,,,,,,,Ин.яз. доц. Стрельникова М.А. 309П,НИР,НИР,Ин.яз. преп. Гафарова М.Х. 308П,,"Теория компиляторов (id=1632) 
ст.преп. Соломатин Д.И. 381",Философия (id=9853) ст.преп. Вяткина А.Г. (ДО),,,ВУЦ,,,,,,,,,,,,,,,,,,,,,,,,,,,,,,,,,,,,,,,,,,,
,,,,,,,,,,,,,,,,,,,,,,,,,,,,,,,,,,,,,,,,,,,,,,,,Методы вычислений ст.преп. Бородин А.В. 297,,,Организация бизнес-процессов (id=30575) доц. Громковский А.А. 316П,,Ин.яз. доц. Вострикова И.Ю. 303П,Архитектура ЭВМ (id=27384) проф. Абрамов Г.В. 383,,Дифференциальные уравнения (id=10349) доц. Атанов А.В. 477,,,,,,,,,,,,,,,,,,,,,,,,,,,,,,НИР,НИР,,,,,,,,,,,,,,,,,,,,,,,,,,,,,,,,,,,,,
,9:45 - 11:20,,,,,,,,,,,,,,,,,,,,,,,,,,,,Философия преп. Бутко В.Ю. (ДО),,Электроника !!! 420,Электроника !!! 420,,,,,,,,,,,Ин.яз. ст.преп. Барсукова Н.В.  308П,,Электротехника (id=3505) асс. Медведев Н.А. 307П,Методы вычислений ст.преп. Бородин А.В. 293,Пакет прикладных программ для научных исследований (id=4011) доц. Иванков А.Ю. 385,,Методы вычислений доц. Дробышев А.А. 295,Методы вычислений доц. Дробышев А.А. 295,,Ин.яз. преп. Семенов В.П. 303П,Ин.яз. доц. Вострикова И.Ю. 314П,Архитектура ЭВМ (id=27384) проф. Абрамов Г.В. 383,,Ин.яз. преп. Гавриш О.А. 301П,Каналы связи (id=29357) доц. Самодуров А.С. 384,,,,,ИСиС (id=2215) доц. Маковий К.А. 290,,,,,,,,,,,Ин.яз. доц. Стрельникова М.А. 309П,Ин.яз. преп. Гафарова М.Х. 305П,НИР,Физика доц. Крыловецкая Т.А. 505П,,,,,,Физическая культура и спорт,Физическая культура и спорт,Физика доц. Крыловецкая Т.А. 403П,,,,Языки программирования квантовых компьютеров (id=31632) проф. Клинских А.Ф. 382,,НИР,НИР,,,,,,,Безопасность жизнедеятельности (id=3641) преп. Каленикина Д.А. (ДО),,Алгоритмы на строках (id=6425) проф. Махортов С.Д. (ДО),,,,Алгоритмы на строках (id=6425) проф. Махортов С.Д. (ДО),,,,,,,,Безопасность жизнедеятельности (id=3641) преп. Вологжина Ю.В. (ДО),,,занятия ПММ (ДО),занятия ПММ (ДО),,,,,,,,
,,,,,,,,,,,,,,,,,,,,,,,,,,,,,,,,,,,,,,,,"Проектирование ЧМИ
проф. Туровский Я.А. 190А",,,,,Методы вычислений ст.преп. Бородин А.В. 293,Ин.яз. доц. Вострикова И.Ю. 303П,,,,,Ин.яз. преп. Семенов В.П. 308П,Корпоративные сети и сервисы (id=29433)  доц. Лебедев А.В. 383,Организация бизнес-процессов (id=30575) доц. Громковский А.А. 314П,Дифференциальные уравнения (id=10349) доц. Атанов А.В. 477,,Архитектура ЭВМ (id=27384) проф. Абрамов Г.В. 291,,,,,,Программирование микроконтроллеров (id=17576) проф. Савинков А.Ю. 307П,,,,ИСиС (id=2215) доц. Маковий К.А. 316П,,,,,,,,,,,,,,,,,,,,,,,Языки программирования квантовых компьютеров (id=31632) проф. Клинских А.Ф. 301П,,,,,,,,,,,,,,,,,,,,,,,,,Проектный менеджмент (id=24215) ст.преп. Коротков В.В.  384,занятия ПММ (ДО),занятия ПММ (ДО),,,,,,,,
,11:30-13:05,,,,,,,,,,,,,,,,,,,,,,,Основы программирования в среде R (id=30576) доц. Громковский А.А. (ДО),,,Философия преп. Бутко В.Ю. (ДО),,,,Методы вычислений ст.преп. Некипелов Е.А. 291,,Электроника !!! 420,,,Ин.яз. преп. Гавриш О.А. 309П,,,Математическая статистика  ст.преп. Бородин А.В.  384,,,,"Проектирование ЧМИ
проф. Туровский Я.А. 190А",Ин.яз. ст.преп. Барсукова Н.В.  301П,Пакет прикладных программ для научных исследований (id=4011) доц. Иванков А.Ю. 385,,Культурология доц. Якушкина Е.И. 305П,,ТВиМС доц. Сынкова А.Е. 295,,Корпоративные сети и сервисы (id=29433) доц. Лебедев А.В. 314П,,ЯиСП доц. Михайлюк Е.А. 297,Архитектура ЭВМ (id=27384) проф. Абрамов Г.В. 479,,,,,,,,ИСиС (id=2215) доц. Маковий К.А. 383,ИСиС (id=2215) доц. Маковий К.А. 383,,,,,,,ПАОД   ст.преп. Черницын Д.В. 316П,,Физика доц. Крыловецкая Т.А. 505П,,Физика доц. Крыловецкая Т.А. 403П,,Информационные сети  (id=2215) асс. Соколов В.А.   290,Информационные сети  (id=2215) асс. Соколов В.А.   290,СиСПИ (id=4035) доц. Самодуров А.С. 293,Ин.яз. доц. Вострикова И.Ю. 308П,Безопасность операционных систем (id=4418) проф. Савинков А.Ю. 381,,ЗИ от утечки по ТК (id=29482) проф. Головинский П.А. 303П,,Основы эконометрического моделирования  (id=13846) доц. Алейникова Н.А. 382,,Функциональный анализ асс. Прошунин А.И. 292,,Языки программирования квантовых компьютеров (id=31632) проф. Клинских А.Ф. 477,,Безопасность жизнедеятельности (id=3641) преп. Каленикина Д.А. (ДО),,Безопасность жизнедеятельности (id=3641) преп. Каленикина Д.А. (ДО),,Безопасность жизнедеятельности (id=3641) преп. Вологжина Ю.В. (ДО),,Безопасность жизнедеятельности (id=3641) преп. Вологжина Ю.В. (ДО),,"Разработка ERP (id=25777)
асс. Соломатин А.И. (ДО)",,Безопасность жизнедеятельности (id=5682) доц. Скоробогатова Л.Г. (ДО) +,,,,Безопасность жизнедеятельности (id=5682) доц. Скоробогатова Л.Г. (ДО) +,,,,,,Безопасность жизнедеятельности (id=5682) доц. Скоробогатова Л.Г. (ДО)                        +,,,,Основы построения защищенных компьютерных сетей (id=2995) ст.преп. Коваль А.С. 387,занятия ПММ (ДО),занятия ПММ (ДО),Разработка ERP-систем (id=25777) асс. Соломатин А.И. (ДО),,,Концепции современного естествознания (id=3979) проф. Запрягаев С.А. (ДО),Концепции современного естествознания (id=3979) проф. Запрягаев С.А. (ДО),Концепции современного естествознания (id=3979) проф. Запрягаев С.А. (ДО),Концепции современного естествознания (id=3979) проф. Запрягаев С.А. (ДО),МС (id=2210) ст.преп. Швырева А.В. 380
,,,,,,,,,,,,,,,,,,,,,,,,,,,,,,,Ин.яз. преп. Гавриш О.А. 309П,Методы вычислений ст.преп. Некипелов Е.А. 290,,,УрМат и СФ (id=2516) доц. Попов М.И. 384,,,,,Математическая статистика  ст.преп. Бородин А.В.  382,,,"Проектирование ЧМИ
проф. Туровский Я.А. 190А",,,,ЯиСП доц. Михайлюк Е.А. 383,,ТВиМС доц. Сынкова А.Е. 305П,,СиАКОД (id=4217) ст.преп. Коротков В.В. 301П,Ин.яз. преп. Семенов В.П. 308П,Корпоративные сети и сервисы (id=29433) доц. Лебедев А.В. 314П,,,,,,,,,,,,,ИСиС (id=2215) доц. Маковий К.А. 316П,ИСиС (id=2215) доц. Маковий К.А. 316П,,,,,,,,,Информационные сети  (id=2215) асс. Соколов В.А.  291,,СиСПИ (id=4035) доц. Самодуров А.С. 295,,,,,,,,,,,,,,,,,,,,,,,,,,,,,,,,,,,,,занятия ПММ (ДО),занятия ПММ (ДО),,,,,,,,
,13:25-15:00,,,,,,,,,,,,,,,История России доц. Лавлинский С.А. (ДО),,,,,,,,Философия преп. Бутко В.Ю. (ДО),,,,,,,Методы вычислений ст.преп. Некипелов Е.А. 381,Математическая статистика  ст.преп. Бородин А.В.  293,УрМат и СФ (id=2516) доц. Попов М.И. 383,,,,Физическая культура и спорт,,"Проектирование ЧМИ
проф. Туровский Я.А. 190А",,,Ин.яз. преп. Семенов В.П.  308П,Методы вычислений (id=31570) доц. Дробышев А.А. 385,,Культурология доц. Якушкина Е.И. 292,,Физическая культура и спорт,,,,ЯиСП доц. Михайлюк Е.А. 295,,Корпоративные сети и сервисы (id=29433) доц. Лебедев А.В. 297,Физическая культура и спорт        ,,Архитектура ЭВМ (id=27384) проф. Абрамов Г.В. 291,,,, ТП асс. Пауков Н.В. 290,Физическая культура и спорт,Программирование микроконтроллеров (id=17576) проф. Савинков А.Ю. 307П,Программирование микроконтроллеров (id=17576) проф. Савинков А.Ю. 307П,,,Квантовая теория доц. Сынкова А.Е.   305П,,ИСиС  (id=2215) асс. Соколов В.А. 316П,ИСиС  (id=2215) асс. Соколов В.А. 316П,Физическая культура и спорт,,Физическая культура и спорт,,Физическая культура и спорт,,Физическая культура и спорт,,Ин.яз. доц. Вострикова И.Ю. 309П,,СиСПИ доц. Самодуров А.С. 387,,,ЗИ от утечки по ТК (id=29482) проф. Головинский П.А. 303П,Основы эконометрического моделирования  (id=13846) доц. Алейникова Н.А. 382,,ФИТ доц. Крыловецкая Т.А. 505П,ФИТ доц. Крыловецкая Т.А. 403П,Функциональный анализ асс. Прошунин А.И. 477,,Архитектура ИС (id=4607) доц. Борисов Д.Н. (ДО),,,,,,,,,,,,,,Архитектура ИС (id=4607) доц. Борисов Д.Н. (ДО),,,,,,Комплексное обеспечение защиты информации объекта информатизации доц. Мальцев А.С. (ДО),,,,ТЗОиБ (id=7348) доц. Вялых С.А. 314П,,,Управление проектами  (id=24215) ст.преп. Тарасов В.С. (ДО),,,Концепции современного естествознания (id=3979) проф. Запрягаев С.А. (ДО),,,,МС (id=2210)  ст.преп. Швырева А.В. 301П
,,,,,,,,,,,,,,,,,,,,,,,,,,,,,,,,,УрМат и СФ (id=2516) доц. Попов М.И. 295,УрМат и СФ (id=2516)  доц. Попов М.И. 295,ЯиСП доц. Михайлюк Е.А. 290,,,,Проектирование ЧМИ проф. Туровский Я.А. 190А,,,,Методы вычислений (id=31570) доц. Дробышев А.А. 297,,,Электротехника (id=3505) асс. Медведев Н.А. 307П,Пакет прикладных программ для научных исследований (id=4011) доц. Иванков А.Ю. 385,,ТВиМС ст.преп. Некипелов Е.А. 305П,,Корпоративные сети и сервисы (id=29433) доц. Лебедев А.В. 382,, СиАКОД  (id=4217) ст.преп. Коротков В.В. 293,Ин.яз. преп. Семенов В.П. 309П,,Ин.яз. преп. Гавриш О.А. 301П,Численные методы ст.преп. Бородин А.В. 314П,Физическая культура и спорт,,,"Сетевая подсистема Linux (id=15496) 
проф. Савинков А.Ю. 387",Квантовая теория доц. Сынкова А.Е. 316П,,Язык программирования Java ст.преп. Гавшин А.Л. 479,,,,,,,,,,,,,,,Ин.яз. доц. Вострикова И.Ю. 308П,СиСПИ доц. Самодуров А.С. 383,,,,Язык программирования Java ст.преп. Гавшин А.Л. 479,,ФИТ доц. Крыловецкая Т.А. 505П,ФИТ доц. Крыловецкая Т.А. 403П,,,,,,,,,,,,,,,,,,,,,,,,,,,,,,,,,,,,,МС (id=2210)  ст.преп. Швырева А.В. 291
,15:10-16:45,Основы права и противодействие противоправному поведению (id=18417) доц. Малиновская Н.В. (ДО),,,,,,,,История России доц. Лавлинский С.А. (ДО),,,,,,,,Основы права и противодействие противоправному поведению (id=18417) доц. Малиновская Н.В. (ДО),,,,,,,,,,,,,Физическая культура и спорт,,Интеллектуальные права в цифровых технологиях (id=28388) доц. Борисова А.А. 292,,,Математическая статистика  доц. Попов М.И.  301П,УрМат и СФ (id=2516) ст.преп. Некипелов Е.А. 291,,,,Ин.яз. преп. Семенов В.П.  308П,"Проектирование ЧМИ
проф. Туровский Я.А. 190А",,Методы вычислений (id=31570) доц. Дробышев А.А. 293,Физическая культура и спорт,,,,Физическая культура и спорт,,Методы вычислений в бизнес-приложениях (id=4192) доц. Копытин А.В.  303П,ПППдляНИ (id=4011) доц. Иванков А.Ю. 297,,Математический анализ асс. Бережных И.А. 479,,Численные методы ст.преп. Бородин А.В. 382,,Физическая культура и спорт,,Программирование микроконтроллеров (id=17576) проф. Савинков А.Ю. 307П, ТП асс. Пауков Н.В. 384,Физическая культура и спорт,,Квантовая теория доц. Сынкова А.Е.  305П,,Физическая культура и спорт,,ЯП Java ст.преп. Гавшин А.Л. 316П,ЯП Java ст.преп. Гавшин А.Л. 316П,ИСиС (id=2215) асс. Соколов В.А.  383,,,,,,,,Физическая культура и спорт,,Физическая культура и спорт,,СиСПИ (id=4035) доц. Самодуров А.С. 295,СиСПИ (id=4035) доц. Самодуров А.С. 295,,,Функциональный анализ проф. Семенов М.Е. 505П,,,,Безопасность жизнедеятельности (id=5682) доц. Скоробогатова Л.Г. (ДО) +,,,,,,,,,,Безопасность жизнедеятельности (id=3641) преп. Вологжина Ю.В. (ДО),,Безопасность жизнедеятельности (id=5682) доц. Скоробогатова Л.Г. (ДО) +,,Безопасность жизнедеятельности (id=3641) преп. Каленикина Д.А. (ДО),,,,,,Комплексное обеспечение защиты информации объекта информатизации доц. Мальцев А.С. (ДО),,,,ТЗОиБ (id=7348) доц. Вялых С.А. 314П,,,Проектно-технологическая практика,Проектно-технологическая практика,Проектно-технологическая практика,,,,,Теория радиотехнических систем преп. Логунов А.А. 407П
,,,,,,,,,,,,,,,,,,,,,,,,,,,,,,,,,,,Методы вычислений ст.преп. Некипелов Е.А. 383,,Физическая культура и спорт,,ЯиСП асс. Шишко Ю.В. 295,,,,,"Проектирование ЧМИ
проф. Туровский Я.А. 190А",,,Физическая культура и спорт,,,,ПППдляНИ (id=4011) доц. Иванков А.Ю. 297,СиАКОД (id=4217) ст.преп. Коротков В.В. 381,Методы вычислений в бизнес-приложениях (id=4192) доц. Копытин А.В. 303П,,,,,Квантовая теория доц. Сынкова А.Е.  382,,Программирование микроконтроллеров (id=17576) проф. Савинков А.Ю. 307П,,,,Язык программирования C++ (id=15462) асс. Антонов А.А. 291,,ЯП Java ст.преп. Гавшин А.Л. 290,ЯП Java ст.преп. Гавшин А.Л. 290,ИСиС  (id=2215) асс. Соколов В.А.  316П,ИСиС  (id=2215)  асс. Соколов В.А. 316П,ТП асс. Савин М.А. 293,ТП асс. Савин М.А. 293,,,,,,,,,,,Защита в операционных системах (id=4418) доц. Самодуров А.С. 314П,,,,,,,,,,,,,,,,,,,,,,,,,,,,,,,,,,,,,,,,,,
,16:55-18:30,Web-технологии (id=31548) доц. Сычев А.В. (ДО),,,,,,,,Web-технологии (id=31548) доц. Сычев А.В. (ДО),,,,,,,,Web-технологии (id=31548) доц. Сычев А.В. (ДО),,,,Web-технологии (id=31548) доц. Сычев А.В. (ДО),,,,,,,,,,,Физическая культура и спорт,,Физическая культура и спорт,,Методы вычислений доц. Попов М.И. 295,Методы вычислений доц. Попов М.И. 295,,,Проектирование ЧМИ проф. Туровский Я.А. 190А,,,,,,,,,,,,Методы вычислений в бизнес-приложениях (id=4192) доц. Копытин А.В. 297,,,,,,,Физическая культура и спорт,Программирование микроконтроллеров (id=17576) проф. Савинков А.Ю. 307П,,,Физическая культура и спорт,,,,Физическая культура и спорт,,,,,,,,,,,,,,СиСПИ (id=4035) доц. Самодуров А.С. 383,,Физическая культура и спорт,,Физическая культура и спорт,,,,,,,,,,,,,,,,Безопасность жизнедеятельности (id=3641) преп. Вологжина Ю.В. (ДО),,Основы права и противодействие противоправному поведению доц. Панюшкина О.В. (ДО),,,,,,Безопасность жизнедеятельности (id=3641) преп. Каленикина Д.А. (ДО),,,,,,,Основы права и противодействие противоправному поведению доц. Завьялова И.С. (ДО),,,,,,,
,,Язык программирования Си (id=32306) доц. Чернышов М.К. (ДО),,,,,,,,Язык программирования Си (id=32306) доц. Чернышов М.К. (ДО),,,,,,,,Основы права и противодействие противоправному поведению доц. Малиновская Н.В. (ДО),,,,,,,,,,,,,,,,,,,Методы вычислений доц. Попов М.И. 291,,,,,,,,,,,,,,,,,,,,,"Обработка изображений (id=3993) 
 ст.преп. Черницын Д.В. 383",,,Физическая культура и спорт,,,ТП асс. Савин М.А. 295,ТП асс. Савин М.А. 295,Физическая культура и спорт,,,,ИСиС  (id=2215) асс. Соколов В.А.  293,ИСиС  (id=2215) асс. Соколов В.А.  293,,,,,,,,,,,,Защита в операционных системах (id=4418) доц. Самодуров А.С. 387,,,,,,,,,,,,,,,,,,,,,,,,,,,,,,,,,занятия ПММ,,,,,,,,
,18:40-20:00,Архитектура ЭВМ (id=3) доц. Толстобров А.П. (ДО),,,,,,,,Архитектура вычислительных систем (id=3) доц. Толстобров А.П. (ДО),,,,,,,,Аппаратные средства вычислительной техники (id=3) доц. Толстобров А.П. (ДО),,,,,,,,,,,,,,,,,,,Философия преп. Винокурова К.Э.  305П,,,,"Проектирование ЧМИ
проф. Туровский Я.А. 190А",,,,,,,,,,,,,,,,,ПАОД   ст.преп. Черницын Д.В. 383,,"Сетевая подсистема Linux (id=15496)
проф. Савинков А.Ю. 387",ИТ доц. Троценко А.С. 291,,,ЯП Java ст.преп. Гавшин А.Л. 290,ЯП Java ст.преп. Гавшин А.Л. 290,,,,,,,,,,,,,,,,,,,,,,,,,,,,,,,,,,,,,,,,,Безопасность жизнедеятельности (id=3641) преп. Каленикина Д.А. (ДО),,Безопасность жизнедеятельности (id=3641) преп. Вологжина Ю.В. (ДО),,,,,,,,занятия ПММ,Основы права и противодействие противоправному поведению преп. Шпакова Н.А. (ДО),,,,,,,
,,,,,,,,,,,,,,,,,,,,,,,,,,,,,,,,,,,,,,,,,,,,,,,,,,,,,,,,,,ПАОД   ст.преп. Черницын Д.В.  290,ПАОД   ст.преп. Черницын Д.В. 290,ИТ доц. Троценко А.С. 291,,,,Физическая культура и спорт,,,,,,,,,,,,,,,,,,,,,,,,,,,,,,,,,,,,,,,,,,,,,,,,,,,,занятия ПММ,,,Основы права и противодействие противоправному поведению преп. Шпакова Н.А. (ДО)             ,,,,,
,20:10-21:30,,,,,,,,,,,,,,,,,,,,,,,,,,,,,,,,,,,,,,,,,,,,,,,,,,,,,,,,,,ИТ доц. Троценко А.С. 291,,,,,,,,,,,,,,,,,,,,,,,,,,,,,,,,,,,,,,,,,,,,,,,,,,,,,,,,,,,,,,,,,
,,,,,,,,,,,,,,,,,,,,,,,,,,,,,,,,,,,,,,,,,,,,,,,,,,,,,,,,,,ИТ доц. Троценко А.С. 291,,,,,,,,,,,,,,,,,,,,,,,,,,,,,,,,,,,,,,,,,,,,,,,,,,,,,,,,,,,,,,,,,,
,,,,,,,,,,,,,,,,,,,,,,,,,,,,,,,,,,,,,,,,,,,,,,,,,,,,,,,,,,,,,,,,,,,,,,,,,,,,,,,,,,,,,,,,,,,,,,,,,,,,,,,,,,,,,,,,,,,,,,,,,,,,
Четверг,8:00 - 9:35,,,,,,,,,,,Ин.яз. преп. Семенов В.П. 308П,,,Web-техн. (id=31548) асс. Соколов В.А. 314П,,,,Ин.яз. доц. Вострикова И.Ю. 309П,АСВТ (id=3) доц. Ветохин В.В. 385,,,,Алгебра и геометрия (id=4524) доц. Атанов А.В. 477,,,,,,,,,,,,,,,,,,,,,Пакет прикладных программ для научных исследований (id=4011) доц. Иванков А.Ю. 292,,,,,,,,,,,,,,,,,,,,,,,,,,,,,,,,,,,,,,,,,НИР,НИР,,,Военная подготовка,,,,,,,,,,,,,,,,,,,,,,,,,,Военная подготовка,Военная подготовка,,,,,,,
,,,,,,,,,,,,,Ин.яз. преп. Семенов В.П. 309П,,,,,,Web-техн. (id=31548) асс. Соколов В.А. 381,,,,,,,,,,,,,,,,,,,,,,,,,,,,,,,,СиАКОД (id=4217) ст.преп. Коротков В.В. 383,,,Математическая статистика доц. Стадная Н.П. 292,,,,,,,,,,,,,,,,,,,,,,,,,,,,,,,,,,Ин.яз. преп. Гафарова М.Х.  308П,,,,,,,,,,,,,,,,,,,,,,,,,,Параллельные алгоритмы обработки данных ст.преп. Черницын Д.В. 291,,,,,,,,,,
,9:45 - 11:20,Ин.яз. преп. Семенов В.П. 308П,,Математический анализ доц. Некрасова Н.Н. 305П,,,,,,,,Web-техн. ( id=31548) асс. Соколов В.А. 293,,Ин.яз. ст.преп. Барсукова Н.В.  303П,АиСД    асс. Миронова А.С. 381,,,АСВТ (id=3)  доц. Ветохин В.В. 382,,Алгебра и геометрия доц. Чуракова Т.А. 479,,,,Алгебра и геометрия (id=4524) доц. Атанов А.В. 477,,Основы программирования в среде R (id=30576)  доц. Громковский А.А. 384,,,,,,,,,,,,,Интеллектуальные права в цифровых технологиях (id=28388) доц. Борисова А.А. 380,,Философия преп. Бутко В.Ю. 292,,,,ПППдляНИ (id=4011) доц. Иванков А.Ю.  290,ПППдляНИ (id=4011) доц. Иванков А.Ю.  290,Электротехника (id=3505) асс. Медведев Н.А. 307П,Ин.яз. доц. Барабушка И.А. 309П,Методы программирования доц. Михайлова Е.Е. 295,,Структуры и алгоритмы компьютерной обработки данных (id=4217) ст.преп. Коротков В.В. 505П,,,ЯиСП проф. Дылевский А.В. 383,,Математический анализ ст.преп. Толкачев А.В. 316П,,,,,,,,,,,,НИР,НИР,,,,,,,,,,,,,занятия ПММ,занятия ПММ,,,НИР,НИР,,НИР,,,,,,,,,,,,,,,,,,,,,,,,,,,,,,,,,,,
,,Язык Си (id=4746) доц. Чернышов М.К. 314П,Ин.яз. преп. Семенов В.П. 308П,,,,,,,,,,АиСД    асс. Миронова А.С. 381,Web-техн. (id=31548) асс. Соколов В.А. 387,МЛ и ТА ст.преп. Пашкевич А.А. 297,,,,,,,,,,,,,,,,,,,,,,,,,,,,Математическая статистика  ст.преп. Бородин А.В.  316П,Математическая статистика  ст.преп. Бородин А.В.  316П,,,,,Методы программирования доц. Михайлова Е.Е. 385,,,,,Алгоритмы томографии (id=32314) доц. Михин Е.А. 383,,Математическая статистика доц. Стадная Н.П. 295,,,,,,,,,,,,,,,,Основы DevOps  (id=31486) асс. Хакимов Л.Н. (ДО),,,,,,,,,,занятия ПММ,занятия ПММ,,,,,Ин.яз. преп. Гафарова М.Х. 303П,,,,,,,,,,,,,,,,,,,,,,,,,,Параллельные алгоритмы обработки данных ст.преп. Черницын Д.В. 291,,,,,,,,,,
,11:30-13:05,Алгебра и геометрия доц. Чуракова Т.А. 305П,,Дискретная математика (id=20352) доц. Попов М.И. 292,,,,Математический анализ доц. Некрасова Н.Н. 477,,Ин.яз. доц. Стрельникова М.А. 381,,АиСД    асс. Миронова А.С. 316П,,Архитектура ВС (id=3)  доц. Ветохин В.В. 291,,,,Ин.яз. доц. Вострикова И.Ю. 309П,,Web-техн. (id=31548) асс. Соколов В.А. 382,Ин.яз. доц. Барабушка И.А. 301П,,,Основы программирования в среде R доц. Громковский А.А. 383,,Алгебра и геометрия (id=4524) доц. Атанов А.В. 314П,Математическая логика (id=4547) проф. Лобода А.В. 505П,,,,,,,,,,,Ин.яз. ст.преп. Барсукова Н.В. 303П,Философия преп. Бутко В.Ю. 307П,,Интеллектуальные права в цифровых технологиях (id=28388) доц. Борисова А.А. 380,,УрМат и СФ ст.преп. Некипелов Е.А. 293,,,,ПППдляНИ (id=4011) доц. Иванков А.Ю.  290,ПППдляНИ (id=4011) доц. Иванков А.Ю.  290,Методы программирования доц. Михайлова Е.Е. 295,Методы программирования доц. Михайлова Е.Е. 295,Пакет прикладных программ для научных исследований (id=4011) доц. Иванков А.Ю. 479,,,"Алгоритмы томографии (id=32314)
доц. Михин Е.А. 384",Ин.яз. преп. Семенов В.П. 308П,Квантовая теория доц. Стадная Н.П. 385,,,,,,,,ЯП C++ (id=15462) ст.преп. Лысачев П.С. (ДО),,,,Язык программирования C++ (id=15462) ст.преп. Лысачев П.С. (ДО),,,,Язык программирования C++ (id=15462) ст.преп. Лысачев П.С. (ДО),,,,,,,,,,занятия ПММ,Защита в операционных системах (id=4418) доц. Самодуров А.С. 387,НИР,НИР,"Квантовые вычисления
проф. Клинских А.Ф. 297",,,,,,,,,,,,,,,,,,,,,,,,,,,,,,,,,,,,,,
,,,,,,,,,,,АиСД ст.преп. Соломатин Д.И. 381,Ин.яз. преп. Семенов В.П. 309П,Web-техн. (id=31548) асс. Соколов В.А. 387,,,Физическая культура и спорт,,МиО доц. Михин Е.А. 293,Ин.яз. доц. Вострикова И.Ю. 308П,АиСД  (id=5509) асс. Миронова А.С. 316П,АиСД (id=5509) асс. Миронова А.С. 316П,,,,,Алгебра и геометрия (id=4524) доц. Атанов А.В. 479,,,,,,,ЯиСП доц. Михайлюк Е.А. 290,,,,Математическая статистика  ст.преп. Бородин А.В.  301П,,,,,,УрМат и СФ ст.преп. Некипелов Е.А. 382,,,,,,,,СиАКОД (id=4217) ст.преп. Коротков В.В. 385,,Методы вычислений в бизнес-приложениях (id=4192) доц. Копытин А.В. 303П,Квантовая теория доц. Стадная Н.П. 297,,Математический анализ ст.преп. Толкачев А.В. 384,,ИПС  (id=4154) доц. Сычев А.В. (ДО),,Технологии интернет вещей (id=15635) ст.преп. Максимов А.В. (ДO),,,,,,,,,,"Технологии интернет вещей (id=15635)
ст.преп. Максимов А.В. (ДО)",,,,,,,,,,,Защита в операционных системах (id=4418) проф. Савинков А.Ю.  314П,занятия ПММ,,,,,,,,,,,,,,,,,,,,,,,,,,,,,,,,,,,,,,,,,,
,13:25-15:00,Дискретная математика (id=15504) проф. Кургалин С.Д. 477,,,,,,,,Web-техн. (id=31548) асс. Соколов В.А. 387,,Архитектура ВС (id=3) доц. Ветохин В.В. 291,,Математический анализ ст.преп. Пашкевич А.А. 292,,Физическая культура и спорт,,ТФКП доц. Некрасова Н.Н. 479,,Физическая культура и спорт,,,,Физическая культура и спорт,,Философия преп. Бутко В.Ю. 303П,История России доц. Лавлинский С.А. 307П,,АиСД  асс. Дорохов Д.И. 316П,,,,МиО  доц. Михин Е.А. 383,,,,,УрМат и СФ (id=2516) ст.преп. Некипелов Е.А. 301П,Электроника преп. Величкина А.С. 420,Электроника преп. Величкина А.С. 420,ЯиСП асс. Шишко Ю.В. 382,,Интеллектуальные права в цифровых технологиях (id=28388) доц. Борисова А.А. 380,,,,Ин.яз. доц. Барабушка И.А. 309П,,Комплексный анализ проф. Лобода А.В. 305П,,Ин.яз. преп. Семенов В.П. 308П,Методы вычислений в бизнес-приложениях (id=4192)  доц. Копытин А.В. 293,СиАКОД (id=4217) ст.преп. Коротков В.В. 314П,Квантовая теория (id=4158) доц. Стадная Н.П.  505П,,,,Информационные технологии (ИТ) (id=17950) доц. Вахтин А.А. (ДО),,,,,,,,,,,,,,Информационные технологии (ИТ ) (id=17950) доц. Вахтин А.А. (ДО),,,,,,Информационные технологии (ИТ) (id=17950) доц. Вахтин А.А. (ДО),,,СиСПИ (id=4035) доц. Самодуров А.С. 384,,занятия ПММ,НИР,НИР,РО (id=4103) ст.преп. Акимов А.В. 385,,,"Квантовые вычисления
проф. Клинских А.Ф. 297",,,,,,,,,,,,,,,,,,,,,,,,,,,,,,,,,,,
,,,,,,,,,,АиСД ст.преп. Соломатин Д.И. 293,Web-техн. (id=31548) асс. Соколов В.А. 381,,,,,,,ТФКП доц. Некрасова Н.Н. 305П,,,,,,,,,,,АиСД асс. Дорохов Д.И. 314П,Ин.яз. преп. Семенов В.П.  308П,МиО  доц. Михин Е.А.  383,,Методы вычислений доц. Попов М.И.  316П,Методы вычислений доц. Попов М.И.  316П,Ин.яз. преп. Гавриш О.А. 309П,,УрМат и СФ (id=2516) ст.преп. Некипелов Е.А. 385,,,,,Методы вычислений доц. Дробышев А.А. 297,,,,,,,Комплексный анализ проф. Лобода А.В. 295,,Методы вычислений в бизнес-приложениях (id=4192) доц. Копытин А.В. 479,,,,,,,,,,,,,,,,,,,,,,,,,,,,,,Защита в операционных системах (id=4418) проф. Савинков А.Ю. 382,Защита в операционных системах (id=4418) доц. Самодуров А.С. 387,занятия ПММ,,,Теория управления (id=3964) ст.преп. Акимов А.В. 290,Теория управления (id=3964) ст.преп. Акимов А.В. 290,"Квантовые вычисления
проф. Клинских А.Ф. 384",,,,,,,,,,,,,,,,,,,,,,,,,,,,,,,,,,,,
,15:10-16:45,Введение в специальность доц. Крыловецкий А.А. 479,,,,,,,,Физическая культура и спорт,,Физическая культура и спорт,,Физическая культура и спорт,,АиСД доц. Авсеева О.В. 383,,Физическая культура и спорт,,,МиО доц. Михин Е.А. 301П,Физическая культура и спорт,,,,Физическая культура и спорт,Основы работы в ОС Linux (id=31485) асс. Ушаков В.А. 293,Физическая культура и спорт,История России доц. Лавлинский С.А. 307П,,,,Методы вычислений доц. Попов М.И. 316П,,,,,,,,,,ЯиСП асс. Шишко Ю.В. 290,,,,,,Комплексный анализ проф. Лобода А.В. 305П,,"Методы вычислений в бизнес-приложениях (id=4192)
доц. Копытин А.В. 291",, СиАКОД (id=4217) ст.преп. Коротков В.В. 314П,,,Каналы связи (id=29357) доц. Самодуров А.С. 292,,Технологии программирования (ТП) (id=16272) ст.преп. Шилов С.Н. (ДО),,,,,,,,,,,,,,Технологии программирования (ТП) (id=16272) ст.преп. Шилов С.Н. (ДО),,,,,,Методы оценки безопасности компьютерных систем (id=25851) доц. Вялых С.А. (ДО),,,Методы вычислений доц. Фролова О.А. 214,,занятия ПММ,,,Теория управления (id=3964) ст.преп. Акимов А.В. 505П,,НИР,Ин.яз. преп. Гафарова М.Х. 308П,,,,,,,,,,,,,,,,,,,,,,,,,,,,,,,,,,,
,,,,,,АиСД асс. Дорохов Д.И. 316П,,,Ин.яз. преп. Землянухина В.А. 303П,,,,,,,Основы работы в ОС Linux (id=31485) асс. Борисенков В.Э. 382,АиСД доц. Авсеева О.В. 384,,,,,,,,,,,,,,ЯиСП ст.преп. Чекмарев А.И. 290,,,,Методы вычислений ст.преп. Некипелов Е.А. 381,,,,,,,,,,,,,,Методы вычислений доц. Дробышев А.А. 305П,,,,,,,Каналы связи (id=29357) доц. Самодуров А.С. 383,,,,,,,,,,,,,,,,,,,,,,,,,,,занятия ПММ,,,,,,,,,,,,,,,,,,,,,,,,,,,,,,,,,,,,,,,,,
,16:55-18:30,Физическая культура и спорт,,,,Физическая культура и спорт,,,,,,,,,,АиСД доц. Авсеева О.В. 301П,Основы работы в ОС Linux (id=31485) асс. Борисенков В.Э. 382,,,,,Математический анализ ст.преп. Некипелов Е.А. 305П,,,,,Физическая культура и спорт,Основы работы в ОС Linux (id=31485) асс. Ушаков В.А. 293,Физическая культура и спорт,,Физическая культура и спорт,,,Математическая статистика  доц. Попов М.И.  383,,,,,,,,,,,,,,,УрМат доц. Дробышев А.А. 316П,,,,,,,Каналы связи (id=29357) доц. Самодуров А.С. 314П,,Квантовая теория (id=3978) проф. Запрягаев С.А. (ДО),,,,,,,,,,,,,,НИР,НИР,НИР,НИР,НИР,НИР,Квантовая теория (id=3978) проф. Запрягаев С.А. (ДО),,,,,,Программирование в 1С  (id=25785) асс. Соломатин А.И. (ДО),,,Ин.яз. преп. Гафарова М.Х. 308П,,НИР,,,,,,,,,,,,,,,,,,,,,,,,,,,,,,,,,,,
,,,,,,,,,,,,,,,,,,,,,,,,,,,,,,,,,,,,,,,,,,,,,,,,,,,,,,,,,,,,,,,,,,,,,,,,,,,,,,,,,СиСПИ (id=4035) доц. Самодуров А.С. 301П,,,Программирование в 1С (id=25785)  асс. Соломатин А.И. (ДО),Программирование в 1С (id=25785)  асс. Соломатин А.И. (ДО),,"Квантовые вычисления
проф. Клинских А.Ф. 314П",,,,,,,,,,,,,,,,,,,,,,,,,,,,,,,,,,,,,
,18:40-20:00,,,,,,,,,,,,,,,Основы работы в ОС Linux (id=31485) асс. Борисенков В.Э. 382,,,,,,Ин.яз. преп. Гафарова М.Х. 308П,Алгоритмы и структуры данных ст.преп. Соломатин Д.И.  297,,,,,,,,,,,,,,,,Математическая статистика  доц. Мелешенко П.А. (ДО),,,,,,,,,,,,,,,,,,,,,,,,,,,Программирование в 1С  (id=25785) асс. Соломатин А.И. (ДО),,,,,,НИР,НИР,НИР,НИР,НИР,НИР,,,,Экспериментально-исследовательская практика,,,Программирование в 1С (id=25785)  асс. Соломатин А.И. (ДО),,,,,,,,,,,,,,,,,,,,,,,,,,,,,,,,,,,,,,,,
,,,,,,,,,,,,,,,,,,,,,,Математический анализ ст.преп. Некипелов Е.А. 305П,,,,,,,,,,,,,,,,,,,,,,,,,,,,,,,,,,,,,,,,,,,,,,,,,,,,,,,,,,,,,,,,,,,,,,,,,,,,,,,,,,,,,,,,,,,,,,,,,,,,,,
,20:10-21:30,,,,,,,,,,,,,,,,,,,,,,Ин.яз. преп. Гафарова М.Х. 308П,,,,,,,,,,,,,,,,,,,,,,,,,,,,,,,,,,,,,,,,,,,,,,,,,,,,,,,,,,,,,,,,,,,,,,,,,,,,,,,,,,,,,,,,,,,,,,,,,,,,,
,,,,,,,,,,,,,,,,,,,,,,,,,,,,,,,,,,,,,,,,,,,,,,,,,,,,,,,,,,,,,,,,,,,,,,,,,,,,,,,,,,,,,,,,,,,,,,,,,,,,,,,,,,,,,,,,,,,,,,,,,,,,
,,,,,,,,,,,,,,,,,,,,,,,,,,,,,,,,,,,,,,,,,,,,,,,,,,,,,,,,,,,,,,,,,,,,,,,,,,,,,,,,,,,,,,,,,,,,,,,,,,,,,,,,,,,,,,,,,,,,,,,,,,,,
Пятница,8:00 - 9:35,Математический анализ доц. Сирота Е.А. 477,,,,,,,,Алгебра и геометрия (id=4525)  доц. Атанов А.В. 479,,,,,,,,МиО доц. Михин Е.А. 505П,,,,МиО доц. Михин Е.А. 505П,,СПЭД и офисное программирование (id=3982) доц. Копытин А.В.  292,,,,,Математическая логика (id=4547) асс. Крутских В.В. 305П,,,,,,,,,,,УрМат и СФ ст.преп. Некипелов Е.А. 385,Методы вычислений (id=31570) доц. Дробышев А.А. 290,,,,"Гуманитарные аспекты информационной безопасности (id=4715) 
доц. Филиппова Н.В. 383",,,Ин.яз. доц. Барабушка И.А. 309П,,,,,,,,,,НИР,НИР,НИР,НИР,НИР,НИР,НИР,НИР,НИР,НИР,,,,,,,,,,,Защита информации от утечки по техническим каналам (id=29482) проф. Головинский П.А. (ДО),,,Защита информации от утечки по техническим каналам (id=29482) проф. Головинский П.А. (ДО),,,НИР,НИР,,,,,,,,,,,,,,,,,,,"Основы права и противодействие противоправному поведению доц. Малиновская Н.В. (ДО)                
                ",,,,,,,,,,,,,,,,,,,,
,,,,,,,,,,,,,,,,,,,,,,,,,,,,,,,,,,,,,Ин.яз. ст.преп. Барсукова Н.В.  303П,,,Методы вычислений (id=31570) доц. Дробышев А.А. 314П,,УрМат и СФ ст.преп. Некипелов Е.А. 301П,,,,,Ин.яз. доц. Барабушка И.А. 309П,,,,,,,,,,,,,,,,,,,,,,,НИР,НИР,,,,,,,,,,,,,,,,,,,,,,,,,,,,,,,,,,,"Основы права и противодействие противоправному поведению доц. Малиновская Н.В. (ДО)                
                ",,,,,,,,,,,,,,,,,,
,9:45 - 11:20,АиСД ст.преп. Нужных А.В. 297,Ин.яз. преп. Семенов В.П.  308П,Основы права и противодействие противоправному поведению преп. Лаврёнов Н.А. 307П,,,,,,МЛ и ТА ст.преп. Пашкевич А.А. 479,,,,,,,,Алгебра и геометрия доц. Чуракова Т.А. 505П,,,,Дискретная математика (id=20352) доц. Попов М.И. 292,,Ин.яз. доц. Барабушка И.А. 303П,,СПЭД и офисное программирование (id=3982) доц. Копытин А.В. 381,Математическая логика (id=4547) асс. Крутских В.В. 477,,,,Интеллектуальные права в цифровых технологиях (id=28388) доц. Борисова А.А. 305П,,,,,,,,Методы вычислений (id=31570) доц. Дробышев А.А. 301П,Ин.яз. доц. Стрельникова М.А. 309П,УрМат и СФ ст.преп. Некипелов Е.А. 316П,,,,Организационное и правовое обеспечение информационной безопасности (id=4067) доц. Филиппова Н.В. 383,,Методы вычислений ст.преп. Бородин А.В. 293,ПЗ в ИБ асс. Хакимов Л.Н. 382,Алгебра доц. Атанов А.В. 380,,,,,,Алгоритмы томографии (id=32314) доц. Михин Е.А. 291,,,НИР,НИР,НИР,НИР,НИР,НИР,НСТОИ (id=2546) доц. Митрофанова Е.Ю. (ДО),,НИР,НИР,НИР,НИР,НИР,НИР,,,Основы автоматизированного проектирования проф. Чижов М.И. (ДО),Основы автоматизированного проектирования проф. Чижов М.И. (ДО),,,Безопасность операционных систем (id=4418) проф. Савинков А.Ю. (ДО),,,Защита в операционных системах (id=4418) проф. Савинков А.Ю. (ДО),,,Искусственные нейронные сети и генетические алгоритмы (id=2546) доц. Митрофанова Е.Ю. (ДО),,Квантовые вычисления (id=16239) проф. Клинских А.Ф. (ДО),,,,,,,,,,Технологии защищенного документооборота и блокчейн (ТЗОиБ) (id=7348) доц. Вялых С.А. (ДО),,Программирование в ERP  (id=2755) доц. Илларионов И.В. (ДО),,,,,,Разработка и АТ (id=5117) доц. Вахтин А.А. (ДО),,,,,,,,,,Технологии защищенного документооборота и блокчейн (ТЗОиБ) (id=7348) доц. Вялых С.А. (ДО),,,Анализ информации в организационных системах доц. Громковский А.А. (ДО),,,,,,,
,,,Ин.яз. преп. Семенов В.П. 303П,Web-техн. (id=31548)  ст.преп. Ермаков М.В. 293,Ин.яз. ст.преп. Барсукова Н.В. 308П,Основы права и противодействие противоправному поведению преп. Лаврёнов Н.А. 307П,,,Язык Си (id=4746) асс. Фролова В.В. 384,Алгебра и геометрия (id=4525) доц. Атанов А.В. 479,,,,,,,,,,,,,,,Ин.яз. доц. Барабушка И.А. 309П,,,,Теоретическая механика доц. Михин Е.А. 305П,,Интеллектуальные права в цифровых технологиях (id=28388) доц. Борисова А.А. 290,,,,,,,,УрМат и СФ ст.преп. Некипелов Е.А. 385,,Методы вычислений (id=31570) доц. Дробышев А.А. 314П,,,,,,ПЗ в ИБ асс. Хакимов Л.Н. 382,Методы вычислений ст.преп. Бородин А.В. 291,,,,,ПППдляНИ (id=4011) доц. Иванков А.Ю. 297,,,,,,,,,,,,,,,,,,,,,,,Основы автоматизированного проектирования проф. Чижов М.И. (ДО),Основы автоматизированного проектирования проф. Чижов М.И. (ДО),,,,,,,,,,,,,,,,,,,,,,,,,,,,,,,"Основы права и противодействие противоправному поведению доц. Малиновская Н.В. (ДО)                
                ",,,,,,,,,,,,,,,,
,11:30-13:05,Дискретная математика доц. Попов М.И. 307П,,АиСД (id=5509) ст.преп. Нужных А.В. 382,,Архитектура ЭВМ (id=3) доц. Ветохин В.В. 295,,Алгебра и геометрия доц. Чуракова Т.А. 477,,Дискретная математика (id=20352) доц. Каверина В.К. 479,,,,,,,,Web-техн. (id=31548) асс. Соколов В.А. 293,Ин.яз. доц. Вострикова И.Ю. 303П,Ин.яз. доц. Барабушка И.А. 309П,,Математический анализ ст.преп. Пашкевич А.А. 292,,Системы подготовки электронных документов и офисное программирование доц. Копытин А.В. 316П,,,Теоретическая механика доц. Михин Е.А. 505П,,,,,УрМат и СФ ст.преп. Некипелов Е.А. 290,,,Электроника преп. Величкина А.С. 420,Электроника преп. Величкина А.С. 420,Интеллектуальные права в цифровых технологиях (id=28388) доц. Борисова А.А. 305П,,Ин.яз. доц. Стрельникова М.А. 308П,,Математическая статистика  ст.преп. Бородин А.В.  314П,,,,,ПЗ в ИБ асс. Хакимов Л.Н. 297,Организационное и правовое обеспечение информационной безопасности  (id=4067) доц. Филиппова Н.В. 383,,Алгебра доц. Атанов А.В. 380	,,ПППдляНИ (id=4011) доц. Иванков А.Ю. 291,,,Ин.яз. преп. Семенов В.П. 301П,,,,"Параллельные алгоритмы обработки данных (id=32132)
проф. Абрамов Г.В. (ДО)",,Сетевая подсистема Linux (id=15496) проф. Савинков А.Ю. (ДО),,НИР,,Обработка изображений (id=3808) асс. Отырба Р.Р.  (ДО),,НИР,НИР,НИР,НИР,Параллельные алгоритмы обработки данных (id=32132) проф. Абрамов Г.В. (ДО),,Основы автоматизированного проектирования проф. Чижов М.И. (ДО),Основы автоматизированного проектирования проф. Чижов М.И. (ДО),,,,,СЦВЗ (id=3420) доц. Митрофанова Е.Ю. (ДО) ,,,СЦВЗ (id=3420) доц. Митрофанова Е.Ю. (ДО) ,,,,,Теория информации (id=3432) доц. Борзунов С.В. (ДО),,,,Архитектура ИС (id=4607) доц. Борисов Д.Н. (ДО),,,,,,,,,,,,,,Архитектура ИС (id=4607) доц. Борисов Д.Н. (ДО),,,,,,,,,,Параллельные алгоритмы обработки данных (id=32132) проф. Абрамов Г.В. (ДО),,,Теория систем и системный анализ (id=13938) проф. Матвеев М.Г. (ДО),,,Сети и системы телекоммуникаций (СиСТК) (id=2215) ст.преп. Коваль А.С. (ДО),,,,
,,Web-техн. (id=31548) ст.преп. Ермаков М.В. 387,,,,,Язык Си (id=4746) асс. Фролова В.В.  384,,,,,,,,,,,Ин.яз. доц. Вострикова И.Ю. 292,АиСД (id=5509)  ст.преп. Нужных А.В. 293,,Web-техн. (id=31548) асс. Соколов В.А. 291,АСВТ (id=32392) доц. Ветохин В.В. 295,,,,,,,,,,,Математическая статистика  доц. Попов М.И.  385,Ин.яз. преп. Гавриш О.А.   307П,,,,,Методы вычислений (id=31570) доц. Дробышев А.А. 290,,УрМат и СФ ст.преп. Некипелов Е.А. 381,Математическая статистика  ст.преп. Бородин А.В.  382,,,ПЗ в ИБ асс. Хакимов Л.Н. 301П,,,,,,,,ПППдляНИ (id=4011) доц. Иванков А.Ю. 297,,Ин.яз. преп. Семенов В.П. 308П,,,,,,,,,,,,,,,,,Основы автоматизированного проектирования (id=16901)  проф. Чижов М.И. (ДО),,Основы автоматизированного проектирования (id=16901)  проф. Чижов М.И. (ДО),,Основы автоматизированного проектирования (id=16901)  проф. Чижов М.И. (ДО),,,,,Современные теории и технологии развития личности (id=32353) преп. Земцов Ю.Н. (ДО),,,НИР,НИР,,,,,,,,,,,,,,,,,,,Разработка и АТ (id=5117) доц. Вахтин А.А. (ДО),,,,,,,,,,,,,,,,,,,,
,13:25-15:00,,,,,АиСД асс. Дорохов Д.И. 384,Web-техн. (id=31548)  асс. Соколов В.А. 387,Дискретная математика доц. Попов М.И. 479,,Архитектура ВС (id=3) доц. Ветохин В.В. 295,,Дискретная математика (id=20352) доц. Каверина В.К. 292,,,,Математический анализ ст.преп. Пашкевич А.А. 505П,,АиСД (id=5509) ст.преп. Нужных А.В. 290,,МиО доц. Михин Е.А. 381,Ин.яз. доц. Барабушка И.А. 308П,Алгоритмы и структуры данных ст.преп. Соломатин Д.И.  382,,,,,АиСД преп. Косенко И.М. 291,,Ин.яз. преп. Семенов В.П. 301П,Основы работы в ОС Linux (id=31485)  асс. Ушаков В.А.  293,УрМат и СФ ст.преп. Некипелов Е.А. 316П,,Физическая культура и спорт,Физическая культура и спорт,Интеллектуальные права в цифровых технологиях (id=28388) доц. Борисова А.А. 380,,Электроника преп. Величкина А.С. 420,Электроника преп. Величкина А.С. 420,Физическая культура и спорт,,Физическая культура и спорт,,Физическая культура и спорт,,Ин.яз. доц. Вострикова И.Ю. 309П,Физическая культура и спорт,"Гуманитарные аспекты информационной безопасности (id=4715) 
доц. Филиппова Н.В. 383",,,Ин.яз. преп. Гафарова М.Х. 303П,ИТ бух.уч. (id=31382) ст.преп. Бебнева С.В. 314П,,ПППдляНИ (id=4011) доц. Иванков А.Ю. 297,Численные методы ст.преп. Бородин А.В. 385,,Физическая культура и спорт,,"Обработка изображений (id=32378) 
проф. Абрамов Г.В.  (ДО)",,Программирование микроконтроллеров (id=17576) проф. Савинков А.Ю. (ДО),,"Программирование микроконтроллеров (id=17576)
проф. Савинков А.Ю. (ДО)",,НИР,,Интеграция бизнес-процессов в ERP системах  (id=3107) доц. Илларионов И.В. (ДО),,Разработка web-приложений ст.преп. Самойлов Н.К. (ДО),,НИР,НИР,Физика (id=4016) доц. Крыловецкая Т.А. (ДО),,,,,,,,,Современные теории и технологии развития личности (id=32353) преп. Земцов Ю.Н. (ДО),,,Физика (id=4016) доц. Крыловецкая Т.А.  (ДО),,ФИТ (id=4016) доц. Крыловецкая Т.А. (ДО),,НИР,НИР,Информационная безопасность (id=4012) доц. Иванков А.Ю. (ДО),,,,,,,,,,,,,,Информационная безопасность (id=29486) доц. Мальцев А.С. (ДО),,,,,,,,,,,Проектный менеджмент (id=24215) ст.преп. Коротков В.В.   (ДО),Проектный менеджмент (id=24215) ст.преп. Коротков В.В.   (ДО),Информационная безопасность (id=4012) доц. Иванков А.Ю. (ДО),,,Информационная безопасность (id=29486) доц. Мальцев А.С. (ДО),,,,
,,Ин.яз. преп. Семенов В.П. 301П,,,,Web-техн. (id=31548)  асс. Соколов В.А. 387,АиСД асс. Дорохов Д.И. 384,,,,,,,АиСД (id=5509) асс. Миронова А.С. 314П,,,,Алгебра и геометрия доц. Чуракова Т.А. 477,,,,,,,,,,АиСД преп. Косенко И.М. 381,,,УрМат и СФ ст.преп. Некипелов Е.А. 297,,Ин.яз. преп. Гавриш О.А. 303П,,,,,,,,,,,,,,,,,Ин.яз. преп. Гафарова М.Х. 308П,ПППдляНИ (id=4011) доц. Иванков А.Ю. 291,,"ИТ бух.уч. (id=31382)
ст.преп. Бебнева С.В. 385",Численные методы ст.преп. Бородин А.В. 290,Численные методы ст.преп. Бородин А.В. 290,,,,,,,,,,,,,,,,,,,,,,,,,,,,,,,,,,,,,,,,,,,,,,,,,,,,,,,Защита от вредоносных программ  (id=7268) доц. Вялых С.А. (ДО),,,,Проектный менеджмент  (id=24215) ст.преп. Коротков В.В.  (ДО),,,,,,,,,,
,15:10-16:45,,,,,,,,,,,,,Дискретная математика (id=20352) доц. Каверина В.К. 305П,,Архитектура ВС (id=3)  доц. Ветохин В.В. 291,,,,,,"Русский язык для иностранцев, главный корпус ВГУ, ауд. 307П",,,,,АиСД преп. Косенко И.М. 381,Ин.яз. преп. Гафарова М.Х.  309П ,Основы работы в ОС Linux (id=31485)  асс. Ушаков В.А.  293,Ин.яз. преп. Семенов В.П. 308П,Математическая статистика проф. Клинских А.Ф. 477,,,,,,,,,,,,,,Физическая культура и спорт,,Физическая культура и спорт,,ТВиМС ст.преп. Некипелов Е.А. 290,ТВиМС ст.преп. Некипелов Е.А. 290,Информационные технологии бухгалтерского учета (id=31382) ст.преп. Бебнева С.В. 292,,,Математический анализ доц. Канищева О.И. 505П,,,,Инфокоммуникационные системы и сети (ИСиС ) (id=2215) ст.преп. Коваль А.С. (ДО),,,,,,,,,,,,,,Информационные сети (id=2215) ст.преп. Коваль А.С. (ДО),,,,,,,,,,,,,,Интеллектуальные системы (id=20) доц. Илларионов И.В. (ДО),,,,Информационная безопасность (id=4012) доц. Иванков А.Ю. (ДО),,,,,,,,,,,,,,Информационная безопасность (id=29486) доц. Мальцев А.С. (ДО),,,,,,,,,,,,,Информационная безопасность (id=4012) доц. Иванков А.Ю. (ДО),,,Информационная безопасность (id=29486) доц. Мальцев А.С. (ДО),,,,
,,,,,,,,,,,,Ин.яз. преп. Семенов В.П. 309П,,МЛ и ТА ст.преп. Пашкевич А.А. 314П,,,,АиСД (id=5509) ст.преп. Нужных А.В. 382,,,,,,,,,Ин.яз. преп. Гафарова М.Х.   303П,,,АиСД  асс. Дорохов Д.И. 297,,,,,,,,,,,,,,,,,,,,,,,,,,,,,,,,,,,,,,,,,,,,,,,,,,,,,,,,,,,,,,,,,,,,,,,,,,,,,,,,,,,,,,,,,,,,,,
,16:55-18:30,,,,,,,,,,,,,,,,,,,,,"Русский язык для иностранцев, главный корпус ВГУ, ауд. 307П",,,,,Ин.яз. преп. Гафарова М.Х.   308П,,,,,,,Электроника !!! 420,Физическая культура и спорт,,Физическая культура и спорт,,,,,,,,,,,,Языки и системы программирования (id=32014) ст.преп. Чекмарев А.И. 290,,Физическая культура и спорт,,,Физическая культура и спорт,,УрМат ст.преп. Бородин А.В. 316П,,НИР,,НИР,,НИР,,,НИР,Программирование в 1С (id=25785) асс. Соломатин А.И. (ДО),Программирование в 1С (id=25785) асс. Соломатин А.И. (ДО),Теория компиляторов (id=1632) ст.преп. Соломатин Д.И. (ДО),,,,Теория компиляторов (id=1632) ст.преп. Соломатин Д.И. (ДО),,,,,,,,,,Физическая культура и спорт,Физическая культура и спорт,,,,,,,,,,,,,,,Правовые аспекты защиты компьютерной информации (id=4302) доц. Ефремов А.А. (ДО),,,,,,,,,,,,Безопасность компьютерных сетей (id=2995) ст.преп. Коваль А.С. (ДО),,,,Основы построения защищенных компьютерных сетей (id=2995) ст.преп. Коваль А.С. (ДО),,,,,,Управление проектами (id=24215) ст.преп. Коротков В.В. (ДО),,,,
,,,,,,,,,,,,,,,,,,,,,,,,,,,,,,,,,Физическая культура и спорт,,,,,,,,,,,,,,,,,,,,,,,УрМат ст.преп. Бородин А.В. 316П,УрМат ст.преп. Бородин А.В. 316П,,,,,,,,,Программирование в 1С (id=25785) асс. Соломатин А.И. (ДО),,,,,,,,,,,,,,,,,,,,,,НИР,НИР,,,,,,,,,,,,,,,,,,,,,,,,,,,,,,,,,,,
,18:40-20:00,,,,,,,,,,,,,,,,,,,,,,,,,,"15:10 Русский язык для иностранцев, главный корпус ВГУ, ауд. 307П",,"15:10 Русский язык для иностранцев, главный корпус ВГУ, ауд. 307П",,,,,,,,,,,,,,,,,,,,,,,,,,,,,НИР,,НИР,,,,НИР,НИР,НИР,НИР,НИР,НИР,,,,,,,,,,,,,,,,,,,,,,,,,,,,,,,,,,,,,,,,,Защита от вредоносных программ (id=7268) ст.преп. Ульянов В.А. (ДО),Защита от вредоносных программ (id=7268)  ст.преп. Ульянов В.А. (ДО),,,,Основы построения защищенных компьютерных сетей (id=2995) ст.преп. Коваль А.С.  (ДО),Основы построения защищенных компьютерных сетей (id=2995) ст.преп. Коваль А.С.  (ДО),,,,,,,,
,,,,,,,,,,,,,,,,,,,,,,,,,,,,,,,,,,,,,,,,,,,,,,,,,,,,,,,,,,,,,,,,,,,,,,,,,,,,,,,,,,,,,,,,,,,,,,,,,,,,,,,,,,,,,,,,,,,,,,,,,,,,
,20:10-21:30,,,,,,,,,,,,,,,,,,,,,,,,,,"16:55 Русский язык для иностранцев, главный корпус ВГУ, ауд. 307П",,"16:55 Русский язык для иностранцев, главный корпус ВГУ, ауд. 307П",,,,,,,,,,,,,,,,,,,,,,,,,,,,,НИР,,,,,,,,,,,,,,,,,,,,,,,,,,,,,,,,,,,,,,,,,,,,,,,,,,,,,,,,,,,,,,,,,,
,,,,,,,,,,,,,,,,,,,,,,,,,,,,,,,,,,,,,,,,,,,,,,,,,,,,,,,,,,,,,,,,,,,,,,,,,,,,,,,,,,,,,,,,,,,,,,,,,,,,,,,,,,,,,,,,,,,,,,,,,,,,
,,,,,,,,,,,,,,,,,,,,,,,,,,,,,,,,,,,,,,,,,,,,,,,,,,,,,,,,,,,,,,,,,,,,,,,,,,,,,,,,,,,,,,,,,,,,,,,,,,,,,,,,,,,,,,,,,,,,,,,,,,,,
Суббота,8:00 - 9:35,,,,,История России доц. Лавлинский С.А. (ДО),,,,Основы работы в ОС Linux  (id=31485) ст.преп. Соломатин Д.И. (ДО),,,,,,,,,,,,История России (id=28734) преп. Киселёва М.В. (ДО),,,,,Основы работы в ОС Linux  (id=31485) ст.преп. Соломатин Д.И. (ДО),,,,Электроника доц. Нескородов С.Е. 477,,,,,,,,Физическая культура и спорт,,Физическая культура и спорт,,Философия преп. Бутко В.Ю. 292,,,,,,,,,,,Алгоритмы томографии (id=32314) доц. Михин Е.А. 505П,,,,,,,,Физическая культура и спорт,,,,ТП асс. Савин М.А. 381,ИТ асс. Рыжков В.А. 303П,Физическая культура и спорт,,Физическая культура и спорт,,НИР,,НИР,НИР,Теория компиляторов (id=1632)  ст.преп. Соломатин Д.И.  301П,Ин.яз. преп. Гавриш О.А. 309П,Методы оценки безопасности компьютерных систем (id=25851) ст.преп. Ульянов В.А. 295,Методы оценки безопасности компьютерных систем (id=25851) ст.преп. Ульянов В.А. 295,Физическая культура и спорт,Физическая культура и спорт,занятия ПММ,занятия ПММ,Физическая культура и спорт,,,,,,,,НИР,НИР,ПРиВКПДИВ (id=17574) проф. Савинков А.Ю. 297,ПРиВКПДИВ (id=17574) проф. Савинков А.Ю. 297,,,Программирование в ERP  (id=2755) доц. Илларионов И.В. 383,,Архитектура ИС (id=4607) ст.преп. Попова Е.В. 316П,Архитектура ИС (id=4607) ст.преп. Попова Е.В. 316П,Информационная безопасность (id=29486) асс. Паринов П.А. 385,Информационная безопасность (id=29486) асс. Паринов П.А. 385,,,,,,,АУиЗПО (id=5614) доц. Дрюченко М.А. 290,,,,,,,,,,,,,,
,,,,,,,,,,,,,,,,,,,,Основы права и противодействие противоправному поведению доц. Малиновская Н.В. (ДО),,,,,,,,,,,,,,,,,,,,,,,,,,,,,Ин.яз. преп. Гафарова М.Х. 308П,,,,,,,,,,,,,,,"Язык программирования C++ (id=15462) 
асс. Антонов А.А. 383","Язык программирования C++ (id=15462) 
асс. Антонов А.А. 383",ИТ асс. Рыжков В.А. 303П,,ТП асс. Савин М.А. 291,ТП асс. Савин М.А. 291,,,,,,,ИТ  доц. Юров А.Н. 301П,,,,,,занятия ПММ,занятия ПММ,,,,,,,Информационная безопасность (id=29486) асс. Паринов П.А. 385,Информационная безопасность (id=29486) асс. Паринов П.А. 385,,,,,,,,,,,,,,,Информационная безопасность (id=29486) асс. Канюс А.С. 297,Архитектура ИС (id=4607) ст.преп. Попова Е.В. 381,,,,,,,,,,,,,,,,,
,9:45 - 11:20,Алгоритмы и структуры данных (id=5509) ст.преп. Соломатин Д.И. (ДО),,,,,,,,Алгоритмы и структуры данных (id=5509) ст.преп. Соломатин Д.И. (ДО),,,,,,,,Алгоритмы и структуры данных (id=5509) ст.преп. Соломатин Д.И. (ДО),,,,Алгоритмы и структуры данных (id=5509) ст.преп. Соломатин Д.И. (ДО),,Программирование (id=5509) ст.преп. Соломатин Д.И. (ДО),,,Алгоритмы и структуры данных (id=5509) ст.преп. Соломатин Д.И. (ДО),,,,Механика и оптика (МиО) доц. Михин Е.А. 477,,,,,,,,Электроника доц. Нескородов С.Е. 479,,,,,,,,,,,,,,,УрМат ст.преп. Бородин А.В. 385,,,,,,Физическая культура и спорт,,Технологии беспроводной передачи данных ст.преп. Стромов А.В. 383,,,,,ТП асс. Савин М.А. 381,"Теория компиляторов
ст.преп. Соломатин Д.И. 293",Разработка web-приложений ст.преп. Самойлов Н.К. 291,ИТ асс. Рыжков В.А. 384,Физическая культура и спорт,НИР,НИР,Физическая культура и спорт,,Ин.яз. преп. Гавриш О.А. 309П,,Физическая культура и спорт,,Философия преп. Бутко В.Ю. 307П,МиСОЗКС проф. Храмов В.Ю. 303П,занятия ПММ,занятия ПММ,ЯП Java асс. Яровитчук П.О.  290,ЯП Java асс. Яровитчук П.О.  290,Физическая культура и спорт,,,,,,НИР,НИР,Базовые протоколы и стандарты радиоканалов интернета вещей (id=31650) проф. Савинков А.Ю. 297,Базовые протоколы и стандарты радиоканалов интернета вещей (id=31650) проф. Савинков А.Ю. 297,,,Разработка ERP (id=25777) асс. Соломатин А.И. 314П,Разработка ERP (id=25777) асс. Соломатин А.И. 314П,Информационная безопасность (id=29486) асс. Паринов П.А. 316П,Информационная безопасность (id=29486) асс. Паринов П.А. 316П,Архитектура ИС (id=4607)  асс. Семечев Д.А. 295,Архитектура ИС (id=4607)  асс. Семечев Д.А. 295,,,,,,,АУиЗПО (id=5614) доц. Дрюченко М.А. 292,,,,,,,,,Проектно-технологическая практика,,,,,АУПО (id=5614) доц. Дрюченко М.А. 292
,,,,,,,,,,,,,,,,,,,,,,,,,,,,,,,,,,,,,,,,,,,,,,,,,Ин.яз. преп. Гафарова М.Х. 308П,,,,,,,,Физическая культура и спорт,,,,,Технологии беспроводной передачи данных ст.преп. Стромов А.В. 316П,Технологии беспроводной передачи данных ст.преп. Стромов А.В. 316П,ИТ асс. Рыжков В.А. 383,ИТ асс. Рыжков В.А. 383,,,Разработка web-приложений ст.преп. Самойлов Н.К.  382,"Теория компиляторов
ст.преп. Соломатин Д.И. 293",,,,,,,,ИТ  доц. Юров А.Н. 301П,,,,,занятия ПММ,занятия ПММ,,,,,,,Информационная безопасность (id=29486) асс. Паринов П.А. 385,Информационная безопасность (id=29486) асс. Паринов П.А. 385,,,ПРиВКПДИВ (id=17574) проф. Савинков А.Ю. 297,ПРиВКПДИВ (id=17574) проф. Савинков А.Ю. 297,,,,,,,,,,,Архитектура ИС (id=4607) ст.преп. Попова Е.В. 381,Информационная безопасность (id=29486) асс. Канюс А.С. 384,,,АУиЗПО (id=5614) доц. Дрюченко М.А. 290,,Защита от вредоносных программ (id=7268) ст.преп. Ульянов В.А. 295,Защита от вредоносных программ (id=7268) ст.преп. Ульянов В.А. 295,,,,,,Разработка ERP-систем (id=25777) асс. Соломатин А.И. 314П,,,,,
,11:30-13:05,История России (id=1444) доц. Лавлинский С.А. (ДО),,,,,,,,История России (id=1444) доц. Лавлинский С.А. (ДО),,,,,,,,История России доц. Лавлинский С.А. (id=1444) (ДО),,,,История России доц. Лавлинский С.А. (id=1444) (ДО),,История России доц. Лавлинский С.А. (id=1444) (ДО),,,История России доц. Лавлинский С.А. (id=1444) (ДО),,,,,Ин.яз. преп. Гавриш О.А. 309П,Философия преп. Винокурова К.Э.  305П,,УрМат и СФ (id=2516) доц. Попов М.И. 383,,МиО  доц. Михин Е.А.  479,,УрМат и СФ ст.преп. Некипелов Е.А. 385,,Электроника !!! 420,Электроника !!! 420,Физическая культура и спорт,,,,,,Физическая культура и спорт,,Физическая культура и спорт,,,УрМат ст.преп. Бородин А.В. 295,УрМат ст.преп. Бородин А.В. 295,Физическая культура и спорт,Физическая культура и спорт,Физическая культура и спорт,,,Техн. интернет вещей ст.преп. Максимов А.В. 307П,Технологии беспроводной передачи данных ст.преп. Стромов А.В. 292,,Физическая культура и спорт,,Физическая культура и спорт,,,,Моделирование цифрового производства (id=31409) доц. Ветохин В.В. 384,Моделирование цифрового производства (id=31409) доц. Ветохин В.В. 384,Физическая культура и спорт,,"Теория компиляторов (id=1632) 
ст.преп. Соломатин Д.И. 381",ИТ  доц. Юров А.Н. 301П,Физическая культура и спорт,,Философия преп. Бутко В.Ю. 477,,Методы оценки безопасности компьютерных систем (id=25851) ст.преп. Ульянов В.А. 293,МиСОЗКС проф. Храмов В.Ю. 303П,занятия ПММ,занятия ПММ,ЯП Java асс. Яровитчук П.О. 291,,Ин.яз. преп. Гафарова М.Х. 308П,"Интеллектуальные системы
(id=20) доц. Илларионов И.В. 314П",Физическая культура и спорт,,,,,,Базовые протоколы и стандарты радиоканалов интернета вещей проф. Савинков А.Ю. 505П,,,,Информационная безопасность (id=29486) асс. Паринов П.А. 316П,Информационная безопасность (id=29486) асс. Паринов П.А. 316П,Архитектура ИС (id=4607) ст.преп. Попова Е.В. 387,,Архитектура ИС (id=4607)  асс. Семечев Д.А. 382,Архитектура ИС (id=4607)  асс. Семечев Д.А. 382,Информационная безопасность (id=29486) асс. Канюс А.С. 297,,,,,,,,АУиЗПО (id=5614) доц. Дрюченко М.А. 290,,,,,,,Проектно-технологическая практика,,,,,Анализ уязвимостей программного обеспечения (id=5614) доц. Дрюченко М.А. 290
,,,,,,,,,,,,,,,,,,,,,,,,,,,,,,,,,,,МиО  доц. Михин Е.А.  479,,ЯиСП ст.преп. Чекмарев А.И. 291,,,,,,,,Методы вычислений ст.преп. Бородин А.В. 295,Методы вычислений ст.преп. Бородин А.В. 295,,,,,,,,Физическая культура и спорт       ,,,Ин.яз. преп. Гавриш О.А. 309П,,,Техн. интернет вещей ст.преп. Максимов А.В. 307П,,,,,,,,Разработка web-приложений ст.преп. Самойлов Н.К.  383,,,ИТ асс. Рыжков В.А. 387,,,ИТ  доц. Юров А.Н. 301П,"Теория компиляторов (id=1632) 
ст.преп. Соломатин Д.И. 297",,,,,,,занятия ПММ,занятия ПММ,,,"Интеллектуальные системы
(id=20) доц. Илларионов И.В. 384",Ин.яз. преп. Гафарова М.Х. 308П,,,"Архитектура ИС (id=4607)
ст.преп. Попова Е.В. 385","Архитектура ИС (id=4607)
ст.преп. Попова Е.В. 385",Программная реализация и верификация телекоммуникационных систем (id=17574) проф. Савинков А.Ю. 505П,,Программная реализация и верификация каналов передачи данных интернета вещей (id=17574) проф. Савинков А.Ю. 505П,,,,Информационная безопасность (id=29486) асс. Паринов П.А. 316П,Информационная безопасность (id=29486) асс. Паринов П.А. 316П,,,,,Разработка и АТ доц. Вахтин А.А. 381,,,,,,,,,,Защита программ и данных (id=25759) преп. Филонов Д.В. 2/25,Защита программ и данных (id=25759) Филонов 2/25,Защита программ и данных (id=25759) Филонов 2/25,Проектно-технологическая практика,Проектно-технологическая практика,Разработка ERP-систем (id=25777) асс. Соломатин А.И. 314П,,,,,
,13:25-15:00,Основы права и противодействие противоправному поведению преп. Лаврёнов Н.А. (ДО),,,,,,Ин.яз. преп. Землянухина В.А.  (ДО),,,,,,История России доц. Лавлинский С.А. (ДО),,,,История России (id=28734) преп. Киселёва М.В. (ДО),,,,Правовые и организационные основы противодействия противоправному поведению доц. Владимирова Ю.К. (ДО),,,,,,,,,Философия преп. Винокурова К.Э.  305П,,,,Математическая статистика  доц. Попов М.И.  314П,Методы вычислений ст.преп. Некипелов Е.А.  291,,Математическая статистика  ст.преп. Бородин А.В.  290,,,,,Электроника !!! 420,Электроника !!! 420,,,,,,,,,,,,,, ТП асс. Пауков Н.В. 301П,,,ИСиС (id=2215) асс. Петров Ю.В. 387,Техн. интернет вещей ст.преп. Максимов А.В. 307П,,,,,,ИТ асс. Рыжков В.А. 384,,Моделирование цифрового производства (id=31409) доц. Ветохин В.В. 383,,"Теория компиляторов (id=1632) 
ст.преп. Соломатин Д.И. 293",,,,,,Сети и системы передачи информации ст.преп. Стромов А.В. 477,,,Сети и системы передачи информации ст.преп. Стромов А.В. 477,,,,,Распознавание образов (id=4103) проф. Попело В.Д. 292,,,,,,,,Информационная безопасность (id=29486) асс. Паринов П.А. 385,Информационная безопасность (id=29486) асс. Паринов П.А. 385,,,,,,"Архитектура ИС (id=4607)
ст.преп. Попова Е.В. 303П",Разработка информационных систем проектирования (id=31251) доц. Юров А.Н. 295,Разработка информационных систем проектирования (id=31251) доц. Юров А.Н. 295,Архитектура ИС асс. Семечев Д.А. 381,Информационная безопасность (id=29486) асс. Канюс А.С. 297,,,,,Защита от вредоносных программ (id=7268) ст.преп. Ульянов В.А. 316П,Защита от вредоносных программ (id=7268) ст.преп. Ульянов В.А. 316П,,,,,,Разработка ERP-систем (id=25777) асс. Соломатин А.И. 382,,,,,,,
,,,,,,Ин.яз. преп. Землянухина В.А. (ДО),,Основы права и противодействие противоправному поведению преп. Лаврёнов Н.А. (ДО),,,,,,,,,,,,,,Правовые и организационные основы противодействия противоправному поведению доц. Владимирова Ю.К. (ДО),,,,,,,,,,,,,,УрМат и СФ (id=2516) доц. Попов М.И. 297,,,,,,,,,ЯиСП асс. Хрипушин Д.А. 383,,,,,,,,,,,ЯиСП проф. Дылевский А.В. 291,,, ТП асс. Пауков Н.В. 301П,ИСиС  (id=2215) асс. Петров Ю.В. 387,,,Техн. интернет вещей ст.преп. Максимов А.В. 307П,,,,,,ИТ асс. Рыжков В.А. 382,,,,"Теория компиляторов (id=1632) 
ст.преп. Соломатин Д.И. 293",,,,,,,,,,,,,,,,,"Архитектура ИС (id=4607)
ст.преп. Попова Е.В. 385","Архитектура ИС (id=4607)
ст.преп. Попова Е.В. 385",Программная реализация и верификация телекоммуникационных систем (id=17574) проф. Савинков А.Ю. 505П,,Программная реализация и верификация каналов передачи данных интернета вещей (id=17574) проф. Савинков А.Ю. 505П,,Информационная безопасность (id=29486) асс. Паринов П.А.  295,Информационная безопасность (id=29486) асс. Паринов П.А.  295,,,,,Разработка информационных систем проектирования (id=31251) доц. Юров А.Н. 384,Разработка информационных систем проектирования (id=31251) доц. Юров А.Н. 384,,Разработка и АТ доц. Вахтин А.А. 303П,,,,,,,АУиЗПО (id=5614) доц. Дрюченко М.А. 290,,,,,Проектно-технологическая практика,Проектно-технологическая практика,Разработка ERP-систем (id=25777) асс. Соломатин А.И. 314П,,,,,АУПО (id=5614) доц. Дрюченко М.А. 290
,15:10-16:45,,,,,,,,,,,,,,,,,,,История России (id=28734) преп. Киселёва М.В. (ДО),,,,,,,,,,,Математическая статистика  ст.преп. Бородин А.В.  314П,,,,Философия преп. Винокурова К.Э.  305П,,,,,,,,,УрМат и СФ ст.преп. Некипелов Е.А. 303П,,,,,,,,,,,,,,ИСиС (id=2215) асс. Петров Ю.В. 387,,"Беспроводные сети
ст.преп. Стромов А.В. 505П",, ТП асс. Пауков Н.В. 291,ИТ проф. Дылевский А.В. 297,,,,,,,Автоматизация систем подготовки производства доц. Ветохин В.В. 383,Автоматизация систем подготовки производства доц. Ветохин В.В. 383,НИР,НИР,,,,,ИТ (id=17950) асс. Хрипушин Д.А. 295,ИТ (id=17950) асс. Хрипушин Д.А. 295,,,,,,,Теория массового обслуживания проф. Семенов М.Е. 477,,ЯП Python ст.преп. Романов А.В. 316П,ЯП Python ст.преп. Романов А.В. 316П,,,,,Информационная безопасность (id=29486) асс. Паринов П.А. 385,Информационная безопасность (id=29486) асс. Паринов П.А. 385,,,,,,,Разработка информационных систем проектирования (id=31251) доц. Юров А.Н. 479,,Алгоритмы на строках (id=6425) асс. Анохин Р.Б. 384,Архитектура ИС асс. Семечев Д.А. 381,,,"Архитектура ИС (id=4607)
ст.преп. Попова Е.В. 293",Информационная безопасность (id=29486) асс. Канюс А.С. 301П,,,Защита от вредоносных программ (id=7268) ст.преп. Ульянов В.А. 290,Защита от вредоносных программ (id=7268) ст.преп. Ульянов В.А. 290,,,,Разработка ERP-систем (id=25777) асс. Соломатин А.И. 382,,,,,,,Методология экспериментальных исследований и испытаний (МЭИиИ) (id=5532) проф. Попело В.Д. 292
,,,,,,,,,,,,,,,,,,,,,,,,,,,,,,,,,,,,,,,,,,,,,,,,,,,,,,,,Численные методы ст.преп. Бородин А.В. 291,,,ИСиС  (id=2215) асс. Петров Ю.В. 387,,,ИТ проф. Дылевский А.В. 382, ТП асс. Пауков Н.В. 301П,,,,,,,,,,,,,,,,,ИТ (id=17950) асс. Хрипушин Д.А. 314П,,,,,,,,Язык программирования Python ст.преп. Романов А.В. 316П,,,,ПРиВТС (id=17574) проф. Савинков А.Ю. 293,ПРиВТС (id=17574) проф. Савинков А.Ю. 293,,,Информационная безопасность (id=29486) асс. Паринов П.А.  295,Информационная безопасность (id=29486) асс. Паринов П.А.  295,,,,,Разработка информационных систем проектирования (id=31251) доц. Юров А.Н. 383,,,,,,,,,,,,,,,Проектно-технологическая практика,Проектно-технологическая практика,ИБ (id=29486) асс. Бережнов Н.И. 297,,,,,
,16:55-18:30,,,,,,,,,,,,,,,,,,,,,,,,,,,,,,,,,,,,,,,,,,,,,,,,,,,,,,,,,,,Беспроводные сети ст.преп. Стромов А.В. 383,,,,,,,,,,,,,,,,,,,,,,,,,,Теория массового обслуживания проф. Семенов М.Е. 295,Теория массового обслуживания проф. Семенов М.Е. 295,Язык программирования Python ст.преп. Романов А.В. 505П,,,,,,,,,,,,,,,,,Алгоритмы на строках (id=6425) асс. Анохин Р.Б. 384,,,Информационная безопасность (id=29486) асс. Канюс А.С. 301П,Архитектура ИС (id=4607)  асс. Семечев Д.А.  293,,,,,Криптографические протоколы (id=11108) доц. Степанец Ю.А. (ДО),,,Разработка ERP-систем (id=25777) асс. Соломатин А.И. 382,,,,,,,МЭИиИ (id=5532) проф. Попело В.Д. 291
,,,,,,,,,,,,,,,,,,,,,,,,,,,,,,,,,,,,,,,,,,,,,,,,,,,,,,,,,,,,Беспроводные сети ст.преп. Стромов А.В. 290,Беспроводные сети ст.преп. Стромов А.В. 290,,,,,,,,,,,,,,,,,,,,,,,,,,,,,,,ПРиВТС (id=17574) проф. Савинков А.Ю. 293,ПРиВТС (id=17574) проф. Савинков А.Ю. 293,,,,,,,,,,,,,,,,,,,,,,,,,,,,,,,
,18:40-20:00,,,,,,,,,,,,,,,,,,,,,,,,,,,,,,,,,,,,,,,,,,,,,,,,,,,,,,,,,,,,,,,,,,,,,,,,,,,,,,,,,,,,,,,,,,,,,,,,,,,,,,,,,,,,,,,,,,,,ИБ (id=29486) асс. Бережнов Н.И. 290,ИБ (id=29486) асс. Бережнов Н.И. 290,,,,,,
,,,,,,,,,,,,,,,,,,,,,,,,,,,,,,,,,,,,,,,,,,,,,,,,,,,,,,,,,,,,,,,,,,,,,,,,,,,,,,,,,,,,,,,,,,,,,,,,,,,,,,,,,,,,,,,,,,,,,,,,,,,,
,,Яндекс,Иностранный язык,трек Samsung,Русский язык для иностранцев,Физическая культура и спорт,,,,,,,,,,,,,,,,,,,,,,,,,,,,,,,,,,,,,,,,,,,,,Яндекс,Иностранный язык,трек Samsung,Русский язык для иностранцев,Физическая культура и спорт,,,,,,,,,,,,,,,,,,,,,,,,,,,,,,,,,,,,,,,,,,,,,,,,,,,,,,,,,,,,,,,,,,,,,